status_conta,duracao_meses,historico_credito,proposito,valor_credito,poupanca,tempo_emprego,taxa_parcela,status_sexo,outros_devedores,residencia_desde,propriedades,idade,outros_planos_parcelas,moradia,creditos_existentes,emprego,dependentes,telefone,trabalhador_estrangeiro,target
0,0.029411764705882346,4,4,0.0505667436997909,4,4,4,2,0,4,0,0.8571428571428572,2,1,2,2,1,1,0,0
1,0.6470588235294117,2,4,0.3136898866512601,0,2,2,1,0,2,0,0.0535714285714286,2,1,1,2,1,0,0,1
3,0.1176470588235294,4,7,0.10157367668097282,0,3,2,2,0,3,0,0.5357142857142858,2,1,1,1,2,0,0,0
0,0.5588235294117647,2,3,0.4199405744470122,0,3,2,2,2,4,1,0.46428571428571425,2,2,1,2,2,0,0,0
0,0.2941176470588235,3,0,0.25420931000330144,0,2,3,2,0,4,3,0.6071428571428572,2,2,2,2,2,0,0,1
3,0.47058823529411764,2,7,0.4844833278309673,4,2,2,2,0,4,3,0.28571428571428575,2,2,1,1,2,1,0,0
3,0.2941176470588235,2,3,0.14223616154946628,2,4,3,2,0,4,1,0.6071428571428572,2,1,1,2,1,0,0,0
1,0.47058823529411764,2,1,0.3685484758446132,0,2,2,2,0,2,2,0.28571428571428575,2,0,1,3,1,1,0,0
3,0.1176470588235294,2,4,0.15456146142841423,3,3,2,0,0,4,0,0.75,2,1,1,1,1,0,0,0
1,0.38235294117647056,4,0,0.27423792230659183,0,0,4,3,0,2,2,0.16071428571428575,2,1,2,3,1,0,0,1
1,0.1176470588235294,2,0,0.05749972488169913,0,1,3,1,0,1,2,0.10714285714285715,2,0,1,2,1,0,0,1
0,0.6470588235294117,2,9,0.22328601298558381,0,1,3,1,0,4,1,0.0892857142857143,2,0,1,2,1,0,0,1
1,0.1176470588235294,2,4,0.07246616044899307,0,2,1,1,0,1,2,0.0535714285714286,2,1,1,2,1,1,0,0
0,0.2941176470588235,4,0,0.052217453505007144,0,4,4,2,0,4,2,0.7321428571428572,2,1,2,1,1,0,0,1
0,0.16176470588235292,2,0,0.06344228018047761,0,2,2,1,0,4,2,0.16071428571428575,2,0,1,2,1,0,0,0
0,0.2941176470588235,2,4,0.056784417299438755,1,2,4,1,0,2,2,0.23214285714285715,2,1,1,1,1,0,0,1
3,0.2941176470588235,4,4,0.11962143721800374,4,4,4,2,0,4,1,0.6071428571428572,2,1,2,2,1,0,0,0
0,0.38235294117647056,0,9,0.43039506988004844,4,1,2,2,0,3,2,0.10714285714285715,0,1,3,2,1,0,0,0
1,0.2941176470588235,2,1,0.6783867062837019,0,4,4,1,0,2,3,0.44642857142857145,2,2,1,3,1,1,0,1
3,0.2941176470588235,2,4,0.17497523935292178,2,4,3,2,0,2,2,0.21428571428571425,2,1,1,2,2,1,0,0
3,0.07352941176470588,4,0,0.10366457576758006,0,2,4,2,0,4,2,0.5178571428571428,2,1,3,2,1,1,0,0
0,0.029411764705882346,2,4,0.13189171343677783,2,2,2,2,0,3,0,0.44642857142857145,2,0,1,2,2,0,0,0
0,0.08823529411764706,4,0,0.10955210740618465,0,1,1,2,0,3,0,0.5178571428571428,2,0,2,1,2,0,1,0
1,0.1176470588235294,4,1,0.08550676791020138,1,1,3,2,0,4,1,0.44642857142857145,2,1,1,2,1,0,0,0
3,0.08823529411764706,4,3,0.10008803785627819,4,2,2,3,0,1,2,0.125,2,1,2,2,1,0,1,0
0,0.029411764705882346,2,3,0.06184659403543523,0,2,1,2,0,2,0,0.30357142857142855,0,1,1,1,1,1,0,0
3,0.029411764705882346,0,4,0.00968416419060196,0,4,4,3,0,4,2,0.35714285714285715,2,1,1,1,1,0,0,0
2,0.1176470588235294,1,4,0.008748761967646089,3,2,3,1,0,3,0,0.41071428571428575,2,0,2,2,1,0,0,0
1,0.044117647058823525,2,4,0.11912622427643886,0,2,3,2,2,2,0,0.26785714285714285,2,1,1,2,1,0,0,0
0,0.8235294117647058,3,9,0.36238582590513924,0,4,3,2,0,4,3,0.7857142857142858,2,1,2,2,1,1,0,1
1,0.20588235294117646,2,9,0.09150434686915374,3,1,3,3,0,3,0,0.30357142857142855,0,1,1,2,1,1,0,0
0,0.2941176470588235,2,3,0.20743919885550788,0,2,2,2,0,2,2,0.14285714285714285,1,1,1,2,1,0,0,0
1,0.20588235294117646,2,0,0.3090128755364807,1,2,2,2,0,2,2,0.19642857142857145,2,1,2,2,1,1,0,0
3,0.1176470588235294,4,9,0.055793991416309016,4,4,4,2,0,4,3,0.6785714285714286,2,0,1,1,1,0,0,0
2,0.1176470588235294,2,3,0.06734896005282272,0,1,4,1,0,1,1,0.25000000000000006,0,1,1,3,1,1,0,0
1,0.6029411764705882,4,4,0.24738637614174097,0,1,4,2,0,2,1,0.10714285714285715,2,1,2,1,1,0,0,1
3,0.6470588235294117,4,7,0.32243864861890614,0,2,1,2,0,3,3,0.21428571428571425,0,2,1,2,1,1,0,0
2,0.20588235294117646,2,4,0.10179377132166832,0,2,4,2,1,2,0,0.32142857142857145,1,1,1,2,1,0,0,1
2,0.08823529411764706,2,5,0.0536480686695279,0,2,2,2,0,2,2,0.32142857142857145,2,1,1,2,1,1,0,0
1,0.07352941176470588,2,4,0.011444921316165951,0,2,4,2,0,3,0,0.0892857142857143,2,1,1,2,1,0,0,0
3,0.38235294117647056,2,4,0.11461428414218112,2,4,4,2,0,2,2,0.19642857142857145,0,1,1,3,1,0,0,0
1,0.1176470588235294,2,4,0.04996148343787829,2,2,3,0,0,1,2,0.125,2,1,1,2,1,1,0,0
1,0.20588235294117646,3,6,0.32761087267525035,0,2,2,2,0,4,0,0.44642857142857145,2,1,1,1,2,1,0,0
0,0.38235294117647056,4,1,0.3266754704522945,1,3,1,3,0,4,2,0.0892857142857143,2,0,2,2,1,0,0,0
0,0.6470588235294117,4,1,0.324254429404644,0,4,4,1,0,4,3,0.6964285714285714,1,2,2,1,1,0,0,1
3,0.10294117647058824,4,0,0.06289204357873886,0,1,4,1,0,4,2,0.28571428571428575,2,1,2,3,1,0,0,0
3,0.47058823529411764,2,4,0.1127434796962694,2,4,4,2,0,4,2,0.35714285714285715,2,1,1,2,1,0,0,0
0,0.029411764705882346,2,1,0.06063607351160999,2,0,1,1,0,2,1,0.07142857142857145,2,0,1,0,1,1,0,0
3,0.10294117647058824,4,0,0.38395510069329813,0,2,1,2,0,4,1,0.35714285714285715,2,1,2,1,1,0,0,0
3,0.1176470588235294,2,4,0.10030813249697369,1,2,4,1,1,2,0,0.16071428571428575,2,1,1,2,1,0,0,0
1,0.2941176470588235,3,3,0.11461428414218112,4,1,4,2,0,2,1,0.17857142857142855,0,1,1,1,1,0,0,0
1,0.338235294117647,3,1,0.3144602178936943,0,4,1,2,0,2,2,0.19642857142857145,2,1,2,3,1,1,0,0
3,0.1176470588235294,2,4,0.055683944095961266,0,2,3,2,0,2,2,0.10714285714285715,2,1,1,2,1,0,0,0
3,0.20588235294117646,2,1,0.17211400902388027,4,2,2,2,0,1,1,0.21428571428571425,2,1,1,2,1,1,0,0
1,0.47058823529411764,3,0,0.10867172884340266,0,4,4,2,0,4,3,0.6785714285714286,0,2,2,2,1,1,0,1
3,0.029411764705882346,1,0,0.029327610872675252,4,2,1,2,2,2,0,0.125,1,1,1,1,2,0,0,0
1,0.1176470588235294,2,4,0.3421371189611533,4,0,2,2,0,1,3,0.5892857142857142,2,1,1,3,1,1,0,1
3,0.47058823529411764,4,4,0.5126004181798173,0,2,2,1,0,2,2,0.21428571428571425,1,1,2,2,1,0,0,0
2,0.20588235294117646,2,0,0.09414548255749973,0,4,3,1,0,2,2,0.07142857142857145,2,1,1,3,1,0,0,0
0,0.47058823529411764,4,3,0.32898646417959726,0,1,4,1,1,4,3,0.07142857142857145,2,0,2,1,1,1,0,1
1,0.07352941176470588,2,9,0.0627819962583911,0,2,2,3,0,1,0,0.14285714285714285,0,1,1,2,1,1,0,0
1,0.16176470588235292,4,4,0.07081545064377683,4,4,4,2,2,4,0,0.5535714285714286,2,1,2,2,1,1,0,0
1,0.47058823529411764,0,9,0.09370529327610873,0,4,4,2,0,4,3,0.75,2,2,1,3,1,1,0,1
1,0.6470588235294117,0,9,0.7797402883239792,0,2,2,2,0,2,2,0.10714285714285715,2,1,1,2,1,1,0,1
3,0.2941176470588235,2,4,0.16127434796962695,0,1,4,1,0,4,1,0.125,2,1,1,2,1,1,0,0
3,0.338235294117647,2,6,0.2718168812589414,4,4,4,2,0,4,1,0.5178571428571428,2,1,4,2,2,1,0,0
3,0.1176470588235294,2,4,0.10570045119401342,0,1,2,1,0,2,2,0.17857142857142855,0,1,1,2,1,0,0,0
1,0.1176470588235294,2,0,0.041652910751623196,3,2,4,3,0,1,0,0.0535714285714286,2,1,1,2,1,0,0,0
3,0.47058823529411764,2,7,0.08633212281280951,0,2,4,2,0,4,3,0.32142857142857145,1,2,1,2,1,1,0,1
3,0.47058823529411764,2,4,0.11797072741278751,4,2,4,1,0,4,2,0.10714285714285715,2,1,1,2,1,0,0,0
3,0.47058823529411764,2,1,0.4337515131506548,0,2,1,1,0,2,1,0.19642857142857145,0,1,1,2,1,0,0,0
3,0.044117647058823525,4,4,0.02641135688345989,4,4,4,2,0,2,1,0.48214285714285715,2,0,2,1,1,1,0,0
0,0.058823529411764705,4,2,0.05029162539892153,0,4,3,2,0,4,3,0.5714285714285714,0,2,2,3,2,1,0,0
1,0.5588235294117647,4,9,0.3138549576317817,0,3,2,1,0,1,0,0.39285714285714285,0,1,2,1,1,0,0,0
0,0.47058823529411764,2,7,0.09502586112028172,4,4,4,2,0,4,3,0.37499999999999994,2,1,1,3,1,1,0,1
0,0.1176470588235294,4,1,0.0702101903818642,0,4,4,2,0,4,3,0.8392857142857144,2,2,2,3,1,0,0,0
0,0.5588235294117647,2,4,0.20441289754594477,0,1,4,2,0,3,2,0.26785714285714285,2,1,1,2,1,0,0,1
1,0.10294117647058824,3,4,0.24876196764608782,0,3,2,2,0,4,1,0.5714285714285714,2,1,1,2,1,0,0,0
3,0.7352941176470588,0,1,0.5054473423572136,4,2,2,2,0,2,1,0.35714285714285715,2,1,1,1,2,0,0,0
1,0.38235294117647056,2,3,0.19709475074281943,0,1,2,3,0,1,1,0.0535714285714286,2,1,1,2,1,0,0,0
3,0.2941176470588235,2,4,0.3132496973698691,4,1,1,1,0,1,2,0.44642857142857145,2,1,2,2,1,1,0,1
3,0.16176470588235292,2,4,0.0529877847474414,2,4,4,2,0,3,1,0.49999999999999994,1,1,1,2,1,1,0,0
3,0.20588235294117646,2,9,0.07252118410916694,1,2,3,1,0,4,1,0.0892857142857143,2,0,1,1,1,0,0,0
0,0.2941176470588235,2,2,0.08281060856168151,0,4,4,1,2,4,0,0.6964285714285714,2,1,1,1,1,1,0,0
0,0.08823529411764706,2,4,0.1136238582590514,0,4,3,2,0,4,0,0.5892857142857142,2,1,1,1,1,0,0,0
3,0.1176470588235294,4,9,0.06393749312204247,0,2,4,1,2,2,0,0.17857142857142855,2,1,2,3,1,1,0,0
1,0.20588235294117646,4,3,0.05749972488169913,0,1,4,1,0,1,1,0.14285714285714285,2,1,2,2,1,0,0,0
1,0.47058823529411764,2,7,0.6802024870694399,1,2,1,2,0,4,3,0.49999999999999994,2,2,1,2,2,1,0,1
0,0.20588235294117646,2,0,0.10999229668757565,1,3,4,2,0,3,2,0.19642857142857145,2,1,1,3,2,1,0,0
0,0.1176470588235294,0,6,0.047210300429184546,0,3,4,2,0,3,0,0.16071428571428575,2,1,2,2,1,0,0,1
3,0.1176470588235294,4,4,0.020248706943985912,0,4,4,2,0,4,0,0.6607142857142858,2,1,1,2,1,0,0,0
0,0.1176470588235294,4,1,0.06377242214152085,0,4,4,2,0,3,0,0.625,2,1,1,2,1,0,0,0
3,0.1176470588235294,4,4,0.030097942115109497,4,4,4,1,0,3,1,0.25000000000000006,0,1,1,1,2,0,0,1
2,0.2941176470588235,4,3,0.18526466380543635,4,4,4,2,1,4,3,0.01785714285714285,2,0,2,2,1,0,0,0
1,0.1176470588235294,2,0,0.05876526906569825,3,4,4,2,0,4,0,0.625,2,1,1,2,1,1,0,0
1,0.7352941176470588,0,9,0.8635963464289644,0,1,3,2,0,4,3,0.6964285714285714,2,0,1,2,1,1,0,1
3,0.1176470588235294,4,7,0.09695168922636734,4,3,4,1,0,2,2,0.75,2,1,1,2,1,0,0,0
1,0.20588235294117646,2,9,0.13051612193243095,1,2,4,2,0,4,2,0.26785714285714285,2,1,1,2,1,0,0,0
1,0.47058823529411764,4,4,0.11483437878287663,0,4,4,2,0,4,0,0.30357142857142855,2,1,1,2,1,0,0,0
1,0.23529411764705882,3,1,0.37454605480356556,4,3,3,2,0,4,1,0.30357142857142855,0,0,2,3,2,1,0,0
3,0.2941176470588235,2,0,0.06707384175195334,1,4,4,3,0,4,0,0.39285714285714285,2,0,1,1,1,0,0,0
1,0.47058823529411764,2,4,0.1140640475404424,0,3,4,2,0,4,2,0.0892857142857143,2,0,1,2,1,0,0,0
3,0.029411764705882346,3,4,0.037526136238582586,0,2,3,1,0,2,0,0.0892857142857143,2,1,1,2,1,0,0,0
1,0.07352941176470588,4,3,0.09183448883019699,0,3,4,2,0,3,2,0.28571428571428575,2,0,1,2,1,1,0,0
3,0.1176470588235294,2,1,0.12077693408165512,4,1,2,3,0,4,2,0.125,2,0,1,2,1,1,0,0
1,0.2941176470588235,4,2,0.6431165401122483,0,2,2,2,1,3,2,0.35714285714285715,2,1,2,3,2,1,0,1
3,0.20588235294117646,1,0,0.34158688235941453,0,4,2,2,0,4,3,0.35714285714285715,0,1,2,3,2,1,0,1
1,0.1176470588235294,2,0,0.32067789149334214,0,3,2,2,0,2,2,0.23214285714285715,2,1,1,2,1,0,0,0
0,0.2941176470588235,2,3,0.4110817651590184,4,1,1,1,0,2,1,0.19642857142857145,2,1,1,2,1,1,1,0
1,0.14705882352941174,2,9,0.06382744580169472,2,4,1,3,0,2,0,0.28571428571428575,2,1,1,2,1,1,0,0
1,0.029411764705882346,3,9,0.06597336854847584,1,4,1,0,0,2,2,0.21428571428571425,0,1,2,2,2,0,0,0
2,0.16176470588235292,2,7,0.007813359744690218,0,1,4,1,0,4,1,0.07142857142857145,2,0,1,2,1,1,0,0
1,0.20588235294117646,2,0,0.33069219764498736,0,3,3,2,0,3,0,0.16071428571428575,2,0,1,1,1,0,0,0
3,0.47058823529411764,4,0,0.4184549356223176,0,2,4,1,0,2,0,0.10714285714285715,1,1,2,2,1,1,0,1
0,0.1176470588235294,2,4,0.07868383404864092,2,4,3,3,0,1,0,0.28571428571428575,2,1,1,2,1,0,0,0
3,0.6470588235294117,4,4,0.18311874105865522,4,4,4,2,0,1,0,0.49999999999999994,2,1,1,2,1,1,0,0
0,0.5588235294117647,2,4,0.3809838230439089,4,3,4,1,0,3,2,0.19642857142857145,2,1,1,3,1,1,0,1
0,0.08823529411764706,4,3,0.10355452844723231,4,1,2,1,1,3,0,0.14285714285714285,2,0,2,2,1,0,1,0
0,0.4264705882352941,4,3,0.22180037416088919,2,2,1,1,0,4,2,0.07142857142857145,2,1,2,2,1,0,0,1
1,0.1176470588235294,4,0,0.116430064927919,2,3,3,0,0,3,2,0.30357142857142855,2,1,1,3,1,1,0,0
0,0.25,2,4,0.0872125013755915,0,2,3,1,0,2,0,0.10714285714285715,2,1,2,2,1,1,0,1
3,0.2941176470588235,4,1,0.1990756025090789,0,4,4,1,0,2,2,0.39285714285714285,2,0,2,3,1,1,0,0
3,0.1176470588235294,2,3,0.08352591614394189,0,2,3,2,0,2,0,0.0892857142857143,2,0,1,1,1,0,0,0
2,0.08823529411764706,4,0,0.0292175635523275,0,4,4,2,0,4,3,0.7857142857142858,2,2,2,2,1,1,0,0
1,0.20588235294117646,2,3,0.09210960713106636,4,1,4,1,0,3,0,0.14285714285714285,2,0,1,2,1,0,0,1
0,0.1176470588235294,4,0,0.10294926818531969,0,2,4,2,0,2,1,0.19642857142857145,2,1,2,2,1,0,0,0
0,0.1176470588235294,2,4,0.024815670738417523,0,2,4,3,0,2,0,0.37499999999999994,2,1,1,1,1,0,0,0
1,0.1176470588235294,2,6,0.021404203807637284,0,2,4,2,0,2,2,0.19642857142857145,2,1,1,2,1,0,0,1
1,0.1176470588235294,4,1,0.08858809287993837,0,0,4,2,0,2,2,0.26785714285714285,2,1,2,3,1,1,0,0
0,0.1176470588235294,4,0,0.17877187190491914,0,2,3,1,1,2,0,0.17857142857142855,2,1,2,2,1,0,0,1
1,0.6470588235294117,2,0,0.45322988885220644,4,3,1,1,0,2,2,0.0892857142857143,2,1,1,2,1,0,0,0
0,0.47058823529411764,3,7,0.36519203257400684,0,2,4,2,0,3,1,0.17857142857142855,1,1,1,2,1,1,0,1
3,0.16176470588235292,2,3,0.1352481567073842,0,1,2,2,0,3,1,0.14285714285714285,0,1,2,1,1,0,0,0
3,0.20588235294117646,2,3,0.09541102674149884,0,2,4,2,0,4,3,0.49999999999999994,0,2,2,2,1,0,0,0
3,0.8235294117647058,2,4,0.5444040937603168,1,3,2,1,0,4,0,0.035714285714285754,2,1,1,2,1,1,0,0
3,0.1176470588235294,4,4,0.05447342357213601,4,4,4,1,0,2,0,0.33928571428571425,2,1,2,2,1,1,0,0
3,0.338235294117647,3,1,0.46016287003411466,3,2,2,2,0,2,2,0.14285714285714285,2,1,2,2,1,0,0,0
1,0.1176470588235294,2,4,0.02839220864971938,2,2,4,2,0,3,0,0.8392857142857144,2,1,1,1,1,0,0,1
1,0.16176470588235292,4,4,0.1363486299108617,4,3,4,2,2,2,0,0.28571428571428575,0,1,3,2,1,1,0,0
2,0.1176470588235294,2,4,0.08974358974358974,0,2,2,1,0,2,2,0.44642857142857145,2,0,1,1,1,1,0,0
2,0.029411764705882346,2,0,0.025255860019808517,3,1,2,3,0,2,0,0.14285714285714285,2,1,1,0,1,0,1,0
1,0.47058823529411764,2,4,0.2500825354902608,0,1,4,1,0,1,3,0.19642857142857145,2,1,1,3,1,1,0,0
0,0.338235294117647,2,4,0.17420490811048753,0,2,3,2,0,2,2,0.14285714285714285,2,1,1,3,1,0,0,0
0,0.20588235294117646,2,3,0.121712336304611,0,2,2,2,0,2,2,0.0535714285714286,2,1,1,2,1,0,0,1
3,0.25,4,3,0.11213821943435677,0,1,4,1,0,4,1,0.07142857142857145,2,1,1,2,1,1,0,0
1,0.6470588235294117,1,9,0.18245845713656875,1,3,4,2,0,2,2,0.19642857142857145,2,1,1,2,1,0,0,0
0,0.029411764705882346,4,0,0.0335644327060636,0,4,1,1,0,4,3,0.35714285714285715,2,1,2,2,1,1,0,0
3,0.1176470588235294,4,0,0.023770221195113902,1,3,4,1,0,3,2,0.5714285714285714,2,1,2,2,1,1,0,0
0,0.47058823529411764,4,3,0.2817761637504127,0,2,3,2,2,2,1,0.16071428571428575,2,1,2,2,1,0,0,0
3,0.20588235294117646,4,4,0.07329151535160118,3,4,4,2,0,4,2,0.48214285714285715,2,1,2,2,1,0,0,0
3,0.029411764705882346,2,4,0.06030593155056674,1,4,2,2,0,4,3,0.41071428571428575,0,2,1,2,2,1,0,0
3,0.08823529411764706,2,4,0.09210960713106636,0,2,1,2,0,4,1,0.33928571428571425,2,1,1,2,1,1,1,0
2,0.47058823529411764,2,4,0.30802244965335096,0,2,4,2,0,1,2,0.0892857142857143,2,1,1,2,1,0,0,0
1,0.2941176470588235,4,1,0.41311764058545175,3,4,2,1,0,4,3,0.17857142857142855,2,0,1,2,1,0,0,0
1,0.2941176470588235,3,9,0.3695939253879168,1,3,4,2,0,4,2,0.30357142857142855,2,0,1,3,1,1,0,0
0,0.1176470588235294,2,3,0.056784417299438755,0,2,2,1,0,4,2,0.01785714285714285,2,0,1,2,1,0,0,1
0,0.07352941176470588,4,6,0.057114559260482006,1,4,3,2,2,4,0,0.5178571428571428,2,1,2,2,2,0,1,0
0,0.1176470588235294,1,8,0.004897105755474855,0,4,4,3,0,1,2,0.46428571428571425,0,1,1,1,1,0,0,0
1,0.2941176470588235,2,0,0.1794871794871795,1,3,2,2,0,3,2,0.33928571428571425,0,1,2,2,1,1,0,0
3,0.029411764705882346,4,4,0.09067899196654561,4,2,1,2,0,2,0,0.26785714285714285,2,1,2,1,2,0,0,0
3,0.2941176470588235,4,4,0.14427203697589966,1,4,3,2,0,4,0,0.30357142857142855,2,1,1,2,2,1,0,0
3,0.20588235294117646,4,0,0.04429404643996919,0,1,4,1,0,1,1,0.19642857142857145,2,1,2,2,1,0,0,0
3,0.16176470588235292,2,5,0.055683944095961266,2,3,4,2,0,3,1,0.30357142857142855,2,1,2,2,1,1,0,0
1,0.08823529411764706,2,0,0.3883569935072081,0,0,2,2,0,4,3,0.9107142857142858,0,2,1,3,1,1,0,0
3,0.47058823529411764,2,0,0.03626059205458347,2,4,4,2,0,4,1,0.30357142857142855,2,1,1,2,1,0,0,0
3,0.029411764705882346,2,3,0.15010454495433037,2,2,1,2,0,2,2,0.23214285714285715,2,1,1,2,1,1,0,0
0,0.20588235294117646,2,3,0.048475844613183675,0,0,4,1,0,2,2,0.25000000000000006,2,1,1,2,1,0,0,1
1,0.10294117647058824,2,3,0.07301639705073182,3,1,4,1,0,1,0,0.01785714285714285,2,1,1,2,1,0,0,0
3,0.2941176470588235,2,3,0.2047980631671619,0,3,2,1,0,4,1,0.10714285714285715,2,0,1,2,1,1,0,0
1,0.2941176470588235,4,9,0.09271486739297898,0,4,4,0,0,4,0,0.21428571428571425,2,1,2,2,1,1,0,1
0,0.16176470588235292,0,0,0.03851656212171234,0,4,4,2,0,3,2,0.25000000000000006,2,0,2,2,2,0,0,1
3,0.1176470588235294,2,3,0.028227137669197756,0,2,4,1,0,1,0,0.125,2,1,1,2,1,1,0,0
1,0.2941176470588235,3,3,0.09981291955540883,0,0,3,1,0,2,1,0.26785714285714285,2,1,1,3,1,1,0,1
1,0.058823529411764705,2,4,0.06404754044239022,0,2,4,2,2,2,0,0.25000000000000006,2,1,1,2,1,0,1,0
0,0.25,3,7,0.17409486079013978,0,1,2,2,0,1,1,0.125,2,1,2,2,1,0,0,1
3,0.38235294117647056,1,1,0.39809618135798397,4,0,4,1,0,1,0,0.6071428571428572,0,1,1,3,1,1,0,1
0,0.1176470588235294,2,3,0.1280400572246066,0,2,2,0,0,1,2,0.41071428571428575,2,1,1,2,1,0,0,0
0,0.029411764705882346,4,4,0.00484208209530098,2,4,4,2,0,4,2,0.5892857142857142,2,1,2,2,1,0,0,0
3,0.1176470588235294,2,4,0.09425552987784747,0,3,4,2,0,2,2,0.21428571428571425,2,0,2,3,2,1,0,0
0,0.25,4,0,0.0176625949158138,0,4,4,2,0,4,0,0.8214285714285714,2,1,2,2,1,0,0,0
3,0.47058823529411764,3,9,0.5129305601408606,0,1,1,0,0,1,2,0.16071428571428575,2,1,2,2,1,0,0,1
1,0.47058823529411764,3,9,0.2313744910311434,0,2,2,0,0,2,0,0.19642857142857145,1,1,2,3,1,1,0,1
0,0.25,1,0,0.07686805326290305,4,2,4,2,0,2,1,0.37499999999999994,2,1,2,1,2,0,0,1
3,0.2941176470588235,4,3,0.19406844943325632,3,2,4,2,0,4,0,0.5535714285714286,2,1,1,2,1,1,0,0
1,0.20588235294117646,4,0,0.034885000550236606,0,4,4,2,0,4,2,0.30357142857142855,0,1,1,2,2,1,0,1
3,0.16176470588235292,4,4,0.06107626279300099,0,2,4,2,0,2,1,0.21428571428571425,2,1,2,2,1,0,0,0
1,0.07352941176470588,1,1,0.268460437988335,0,4,2,1,0,4,3,0.9821428571428572,0,2,1,3,2,1,0,1
1,0.1764705882352941,4,0,0.050896885660834154,0,0,2,2,0,3,2,0.875,2,2,3,0,1,1,0,0
0,0.1176470588235294,2,4,0.0233300319137229,1,3,4,3,0,1,1,0.01785714285714285,2,1,1,2,1,0,0,1
1,0.20588235294117646,0,3,0.16474083856058105,0,2,1,1,0,4,2,0.25000000000000006,0,1,2,2,1,1,0,0
3,0.2941176470588235,2,9,0.23885770881479035,3,2,2,2,0,3,1,0.625,2,1,3,3,1,1,0,1
1,0.6470588235294117,0,9,0.19775503466490593,1,3,4,2,0,4,3,0.26785714285714285,2,2,1,1,2,0,0,1
1,0.338235294117647,2,9,0.20166171453725104,0,2,4,2,0,2,2,0.30357142857142855,2,1,1,2,2,1,0,1
3,0.029411764705882346,2,4,0.10223396060305931,0,3,2,3,0,2,0,0.17857142857142855,2,0,1,2,1,0,0,0
1,0.6029411764705882,2,4,0.15302079894354573,1,2,4,2,2,4,1,0.035714285714285754,2,0,1,2,1,0,0,1
1,0.07352941176470588,4,7,0.06883459887751733,0,4,2,1,0,3,2,0.26785714285714285,2,1,2,3,1,1,0,1
3,0.029411764705882346,4,4,0.06228678331682623,0,2,1,1,0,1,2,0.16071428571428575,2,1,2,2,1,1,0,0
1,0.1176470588235294,2,3,0.038571585781886214,1,1,4,1,0,4,2,0.14285714285714285,0,0,4,2,1,0,0,1
1,0.2941176470588235,2,1,0.13810938703642567,4,4,4,2,0,4,3,0.30357142857142855,0,2,1,2,1,1,0,0
1,0.20588235294117646,3,3,0.2226807527236712,0,4,4,0,0,3,3,0.37499999999999994,2,1,1,3,1,1,0,1
3,0.07352941176470588,4,7,0.037746230879278087,2,4,4,2,0,2,2,0.5892857142857142,2,1,2,2,1,1,0,0
0,0.1176470588235294,2,0,0.05051172003961703,0,2,4,3,0,3,0,0.14285714285714285,2,1,1,1,1,0,0,0
3,0.338235294117647,3,9,0.2678001540662485,0,3,3,2,0,4,2,0.125,2,1,2,2,1,0,0,0
0,0.1176470588235294,2,8,0.035875426433366345,0,3,4,3,0,4,1,0.035714285714285754,2,0,1,2,1,0,0,1
3,0.1176470588235294,4,0,0.06850445691647408,0,4,4,2,0,1,0,0.33928571428571425,2,1,2,1,2,0,0,0
0,0.38235294117647056,4,1,0.5707604269836029,0,4,3,2,0,4,3,0.33928571428571425,2,2,3,3,2,1,0,0
3,0.1176470588235294,4,3,0.09271486739297898,0,4,4,2,0,4,0,0.42857142857142855,2,1,3,2,1,1,0,0
1,0.1176470588235294,4,5,0.06459777704412897,0,3,4,2,0,3,1,0.125,2,1,1,2,1,0,0,0
0,0.2941176470588235,2,9,0.3476394849785408,0,2,2,3,0,2,2,0.035714285714285754,1,1,1,1,1,0,0,0
3,0.1176470588235294,2,1,0.06399251678221635,3,3,3,2,0,2,1,0.6428571428571428,2,1,1,2,1,0,1,0
3,0.07352941176470588,4,4,0.15538681633102236,4,2,1,2,0,2,0,0.25000000000000006,2,1,2,2,2,0,0,0
3,0.47058823529411764,2,4,0.19725982172334106,4,4,2,1,0,4,0,0.46428571428571425,2,1,1,1,1,1,0,0
0,0.338235294117647,0,9,0.27748431825685044,0,0,2,2,0,4,1,0.5535714285714286,1,1,2,2,1,1,0,1
2,0.38235294117647056,3,9,0.09122922856828436,0,4,4,2,0,4,0,0.8392857142857144,2,1,1,3,1,1,0,1
3,0.47058823529411764,4,4,0.1701331572576208,4,4,4,2,0,2,2,0.5714285714285714,2,1,1,2,1,1,0,0
1,0.029411764705882346,4,8,0.037526136238582586,4,3,1,1,0,3,1,0.35714285714285715,2,1,2,1,1,0,0,0
0,0.20588235294117646,0,9,0.1570375261362386,0,3,3,2,0,1,1,0.21428571428571425,0,1,1,2,1,1,0,0
2,0.47058823529411764,2,4,0.2015516672169033,0,2,2,2,0,2,0,0.07142857142857145,2,1,1,2,1,1,0,0
0,0.2941176470588235,2,3,0.15247056234180698,0,2,2,0,0,2,0,0.0892857142857143,2,0,1,1,1,0,0,0
3,0.08823529411764706,2,0,0.06129635743369649,0,2,2,1,0,4,2,0.8035714285714286,2,1,1,2,1,1,0,0
1,0.1176470588235294,2,4,0.020633872565203038,0,1,4,3,2,1,0,0.125,0,1,1,1,1,0,0,0
0,0.1176470588235294,2,7,0.05227247716518102,4,2,4,1,0,4,1,0.07142857142857145,0,0,1,2,1,1,0,0
3,0.1176470588235294,2,4,0.025145812699460767,0,2,4,2,0,2,0,0.19642857142857145,0,1,2,2,1,0,0,0
3,0.2941176470588235,3,9,0.15010454495433037,4,2,4,2,0,4,0,0.23214285714285715,2,1,2,2,2,1,0,0
3,0.16176470588235292,2,1,0.2424892703862661,0,2,3,2,0,2,2,0.19642857142857145,2,1,1,2,1,1,0,0
3,0.47058823529411764,0,6,0.13002090899086607,0,2,4,2,0,2,2,0.14285714285714285,2,1,2,2,1,0,0,0
1,0.6470588235294117,2,4,0.5893584241223726,3,3,1,2,1,2,3,0.14285714285714285,0,1,2,2,1,1,0,1
0,0.1176470588235294,2,3,0.41900517222405637,0,4,4,2,0,4,3,0.6071428571428572,2,2,1,3,1,1,0,1
3,0.07352941176470588,2,4,0.0675690546935182,0,3,4,2,0,2,2,0.0535714285714286,2,1,1,2,1,0,0,1
0,0.2941176470588235,2,3,0.15951359084406297,0,1,4,2,0,1,3,0.0535714285714286,0,2,1,2,1,0,0,0
2,0.47058823529411764,2,4,0.21789369428854408,0,2,4,2,0,2,2,0.125,2,1,1,2,1,0,0,1
3,0.07352941176470588,2,0,0.12418840101243535,2,4,2,2,0,4,3,0.5714285714285714,2,2,1,1,1,0,0,0
3,0.1176470588235294,2,4,0.10404974138879718,1,3,3,2,0,1,3,0.28571428571428575,2,1,1,2,1,0,0,0
1,0.20588235294117646,2,4,0.03389457466710685,0,2,4,3,2,2,0,0.10714285714285715,2,1,1,1,1,0,0,0
3,0.0,4,4,0.07120061626499395,0,3,2,2,0,1,0,0.41071428571428575,2,1,3,1,2,0,0,0
0,0.2941176470588235,2,4,0.086552217453505,0,0,4,2,0,2,2,0.19642857142857145,1,1,1,3,2,0,0,1
1,0.029411764705882346,2,0,0.7871134587872785,4,0,1,2,0,2,1,0.07142857142857145,2,1,1,0,1,1,0,1
1,0.25,2,9,0.1384945526576428,1,4,4,0,0,2,2,0.75,0,0,2,1,1,0,0,1
3,0.1176470588235294,4,4,0.05727963024100363,0,2,4,1,0,2,1,0.28571428571428575,2,1,2,2,1,0,0,0
0,0.38235294117647056,2,4,0.1250137559150435,0,4,1,2,2,3,1,0.35714285714285715,2,1,1,2,2,0,0,0
0,0.2941176470588235,2,0,0.03659073401562672,4,4,4,1,0,2,2,0.17857142857142855,0,1,1,2,1,0,0,1
3,0.029411764705882346,2,4,0.07400682293386156,0,3,3,2,0,2,1,0.5714285714285714,2,1,1,2,2,0,0,0
0,0.6470588235294117,0,1,0.2396280400572246,0,4,3,2,0,4,3,0.0892857142857143,2,2,2,2,2,0,0,1
3,0.1176470588235294,4,9,0.051447122262572906,0,2,3,1,0,2,0,0.14285714285714285,2,1,2,2,1,0,0,0
3,0.1176470588235294,1,8,0.17591064157587763,2,2,4,1,0,3,0,0.28571428571428575,2,1,1,1,2,0,0,0
3,0.2941176470588235,2,9,0.055463849455265765,0,3,4,2,0,1,0,0.10714285714285715,2,1,1,2,1,1,0,0
3,0.1176470588235294,4,4,0.02569604930119952,0,4,4,2,0,4,0,0.5892857142857142,2,1,3,2,1,0,0,0
3,0.029411764705882346,0,0,0.05249257180587652,1,2,4,2,0,1,3,0.28571428571428575,0,0,1,2,1,0,1,0
2,0.2941176470588235,2,3,0.09216463079124024,0,2,2,2,0,2,0,0.125,2,1,1,2,1,0,0,0
3,0.20588235294117646,2,4,0.010069329811819083,0,0,3,1,1,4,0,0.0535714285714286,2,0,1,2,1,0,0,1
0,0.029411764705882346,4,0,0.022889842632331906,3,3,3,1,0,4,0,0.35714285714285715,2,1,2,1,1,1,0,0
2,0.1176470588235294,2,3,0.1101023440079234,0,2,1,1,0,2,2,0.48214285714285715,2,1,1,1,1,0,0,0
1,0.38235294117647056,2,0,0.10454495433036205,0,2,4,1,2,2,3,0.0892857142857143,0,1,1,2,1,0,0,1
3,0.2941176470588235,3,3,0.21464729833828547,1,2,2,2,0,3,1,0.28571428571428575,2,1,2,2,1,0,0,0
1,0.07352941176470588,2,3,0.09794211510949709,4,3,2,2,0,1,2,0.0892857142857143,2,1,1,2,1,1,0,0
1,0.8235294117647058,3,4,0.39440959612633436,4,2,1,2,0,1,0,0.14285714285714285,2,1,1,1,1,0,0,0
3,0.2941176470588235,4,4,0.13392758886321118,0,2,4,2,0,2,0,0.28571428571428575,2,1,2,1,1,0,0,0
0,0.1176470588235294,1,4,0.10448993067018818,0,2,4,0,0,1,3,0.17857142857142855,2,2,1,2,1,0,0,1
3,0.16176470588235292,2,1,0.19599427753934193,1,1,1,1,0,4,2,0.07142857142857145,2,1,1,2,1,1,0,0
3,0.10294117647058824,4,4,0.04974138879718279,1,0,4,1,0,4,0,0.6785714285714286,2,1,3,1,1,0,0,0
0,0.1176470588235294,2,3,0.07741828986464179,0,2,2,2,0,2,0,0.14285714285714285,2,1,1,2,1,0,0,0
0,0.2941176470588235,2,4,0.07444701221525256,0,4,4,1,0,4,2,0.6428571428571428,2,1,1,2,1,0,0,0
0,0.20588235294117646,4,0,0.27797953119841534,0,4,2,2,0,4,3,0.30357142857142855,2,2,3,3,1,1,0,0
3,0.1176470588235294,4,7,0.13744910311433917,0,4,2,1,0,4,3,0.6785714285714286,0,2,3,1,1,0,0,0
3,0.08823529411764706,4,0,0.05397821063057115,0,4,3,2,0,4,0,0.23214285714285715,2,1,2,1,2,0,1,0
1,0.16176470588235292,2,4,0.030373060415978873,0,4,4,2,0,3,2,0.32142857142857145,2,1,1,2,2,0,0,1
3,0.47058823529411764,4,9,0.33311323869263787,4,4,4,2,0,4,0,0.30357142857142855,2,1,2,2,1,0,0,0
3,0.2941176470588235,2,4,0.07059535600308132,0,1,4,1,0,3,2,0.33928571428571425,1,1,1,2,1,1,0,0
0,0.14705882352941174,2,0,0.48024650599757895,0,4,1,0,0,4,1,0.46428571428571425,2,1,1,3,1,1,1,1
3,0.2941176470588235,2,4,0.041212721470232194,4,4,4,2,0,2,2,0.10714285714285715,2,1,2,2,1,0,0,0
3,0.20588235294117646,2,0,0.13271706833938596,4,3,4,2,0,3,1,0.23214285714285715,2,1,1,2,1,0,1,0
3,0.1176470588235294,4,3,0.06338725652030373,2,3,3,1,0,4,2,0.32142857142857145,2,0,1,2,1,1,0,0
1,0.6470588235294117,1,0,0.6558270056124132,4,0,4,2,1,4,3,0.30357142857142855,2,2,1,3,1,1,0,0
1,0.6470588235294117,2,4,0.1546164850885881,0,3,4,2,0,4,0,0.16071428571428575,2,1,2,2,1,0,0,1
0,0.38235294117647056,2,6,0.6464179597226807,0,1,1,0,0,1,3,0.26785714285714285,2,1,1,1,1,1,0,1
3,0.07352941176470588,2,4,0.13464289644547156,0,2,1,2,0,2,0,0.23214285714285715,2,1,1,2,2,0,0,0
3,0.20588235294117646,4,4,0.11852096401452623,0,2,2,1,0,2,2,0.125,2,1,2,2,1,0,0,0
0,0.1176470588235294,2,3,0.055683944095961266,4,4,2,0,0,4,1,0.5357142857142858,2,1,1,1,1,1,0,0
3,0.029411764705882346,2,3,0.23995818201826785,0,1,1,1,0,4,1,0.23214285714285715,2,1,1,2,1,0,0,1
3,0.2941176470588235,2,4,0.09084406294706723,1,2,4,2,0,4,2,0.17857142857142855,2,0,1,3,1,1,0,0
3,0.16176470588235292,4,1,0.17156377242214152,3,4,3,2,0,4,3,0.07142857142857145,2,0,2,2,1,1,0,0
3,0.1176470588235294,2,3,0.07285132607021019,0,2,4,2,0,2,0,0.5535714285714286,2,1,1,2,1,0,0,0
2,0.20588235294117646,1,4,0.06575327390778034,4,3,4,2,0,4,2,0.5357142857142858,0,1,1,1,1,0,0,0
3,0.16176470588235292,4,3,0.06988004842082095,4,4,4,2,0,4,1,0.7857142857142858,2,1,1,2,1,0,0,0
1,0.2941176470588235,4,0,0.19962583911081766,1,1,4,0,0,2,2,0.32142857142857145,2,1,1,2,1,1,0,0
0,0.6323529411764706,2,0,0.5762077693408165,0,1,1,1,0,1,0,0.28571428571428575,2,1,1,1,1,1,0,0
0,0.6470588235294117,2,1,0.24969736986904373,0,3,4,2,0,3,1,0.125,2,1,1,2,2,0,0,0
1,0.6470588235294117,3,2,0.4034334763948498,1,0,2,2,0,4,3,0.21428571428571425,2,2,1,3,1,1,0,0
1,0.1176470588235294,2,4,0.04632992186640256,0,2,4,1,2,4,0,0.5357142857142858,2,1,2,2,1,1,0,0
0,0.2941176470588235,3,4,0.04258831297457907,0,1,4,3,0,4,0,0.5178571428571428,1,1,1,2,1,0,0,1
3,0.1176470588235294,2,9,0.045449543303620554,0,2,2,3,0,2,0,0.125,2,1,1,2,1,1,1,0
1,0.47058823529411764,2,1,0.5033564432706064,0,1,1,3,0,4,2,0.16071428571428575,2,0,1,3,1,1,0,1
0,0.2941176470588235,4,1,0.33944095961263343,0,4,2,1,0,4,3,0.44642857142857145,2,2,2,3,2,1,0,0
2,0.5588235294117647,4,1,0.2501375591504347,0,4,4,2,0,4,3,0.6607142857142858,2,2,1,2,1,0,0,0
3,0.6470588235294117,4,9,0.40601958842302194,4,4,4,0,0,2,2,0.48214285714285715,0,1,2,3,2,0,0,0
1,0.6470588235294117,2,3,0.5342797402883239,0,1,1,1,0,2,2,0.125,2,1,1,2,1,1,0,1
3,0.1176470588235294,2,1,0.24347969626939586,4,1,1,1,0,4,2,0.01785714285714285,2,0,1,2,1,0,0,0
3,0.08823529411764706,2,0,0.05705953560030813,4,4,4,2,1,2,1,0.46428571428571425,2,1,1,1,1,0,1,0
3,0.20588235294117646,2,3,0.12462859029382635,0,2,3,2,0,4,0,0.42857142857142855,2,1,1,2,1,1,0,0
1,0.25,4,3,0.13728403213381754,3,3,3,2,0,2,2,0.23214285714285715,2,1,2,2,1,1,0,0
3,0.029411764705882346,2,0,0.02321998459337515,0,0,1,1,0,4,0,0.625,2,1,1,0,1,1,0,0
1,0.47058823529411764,0,4,0.19555408825795093,0,2,4,1,0,1,2,0.41071428571428575,2,1,1,2,1,1,0,1
2,0.2941176470588235,4,0,0.06019588423021899,4,3,4,2,0,2,0,0.32142857142857145,0,1,2,1,2,0,0,1
0,0.08823529411764706,4,0,0.04335864421701331,0,3,4,2,1,3,1,0.5357142857142858,2,1,2,2,1,1,0,0
3,0.6470588235294117,4,0,0.543468691537361,2,2,2,2,0,2,3,0.44642857142857145,0,2,1,2,1,0,0,1
3,0.029411764705882346,2,3,0.07114559260482008,3,2,4,0,0,2,0,0.25000000000000006,2,1,1,2,1,0,0,0
3,0.38235294117647056,2,1,0.25096291405304283,4,3,2,1,0,4,1,0.0892857142857143,1,0,1,1,1,0,0,0
0,0.1176470588235294,2,4,0.026246285902938263,1,1,4,3,0,3,3,0.25000000000000006,2,1,1,1,1,1,0,1
1,0.058823529411764705,2,3,0.05430835259161439,0,2,3,1,0,4,0,0.0892857142857143,2,1,1,2,1,0,0,1
1,0.07352941176470588,2,0,0.001430615164520744,0,2,4,3,0,4,0,0.0535714285714286,2,0,1,1,1,0,0,0
1,0.6470588235294117,2,2,0.28232640035215145,4,0,3,2,0,4,3,0.37499999999999994,0,2,1,0,1,1,0,0
3,0.2941176470588235,2,3,0.28947947617475517,1,2,4,2,0,1,2,0.10714285714285715,1,1,1,2,1,0,0,0
2,0.2941176470588235,2,3,0.19252778694838782,0,1,2,1,0,4,2,0.125,2,1,1,2,1,0,0,0
1,0.1176470588235294,2,0,0.023935292175635527,0,3,2,3,0,3,2,0.10714285714285715,0,1,1,1,1,0,0,1
2,0.0,2,0,0.06844943325630021,4,1,1,2,0,2,0,0.17857142857142855,2,1,1,1,2,0,1,0
0,0.47058823529411764,1,3,0.13733905579399142,0,4,4,2,0,4,2,0.21428571428571425,0,1,1,2,1,0,0,1
0,0.1176470588235294,2,3,0.025200836359634642,0,2,2,2,2,3,1,0.33928571428571425,2,1,1,1,2,0,0,0
1,0.2941176470588235,2,3,0.22565203037306042,4,2,1,1,0,4,1,0.5178571428571428,2,1,1,1,1,1,0,0
3,0.1176470588235294,4,7,0.024815670738417523,0,2,4,2,0,2,2,0.23214285714285715,2,1,2,2,1,0,0,0
0,0.16176470588235292,3,3,0.1866952789699571,0,4,1,1,0,4,1,0.14285714285714285,2,1,2,1,1,0,0,0
1,0.38235294117647056,4,0,0.2200396170353252,0,0,4,3,0,2,2,0.16071428571428575,2,1,2,3,1,0,0,1
0,0.2941176470588235,2,4,0.0928799383735006,0,1,4,0,0,3,1,0.23214285714285715,2,1,1,2,1,0,0,1
0,0.2941176470588235,2,1,0.1463629360625069,0,3,2,2,0,1,3,0.26785714285714285,2,2,1,3,1,1,0,0
0,0.20588235294117646,2,3,0.13255199735886433,3,2,4,2,0,2,2,0.16071428571428575,2,1,1,2,1,0,0,0
3,0.20588235294117646,4,0,0.042808407615274574,0,2,4,1,0,3,0,0.30357142857142855,2,1,2,2,1,0,0,0
0,0.058823529411764705,4,0,0.17321448222735777,0,3,1,2,0,4,0,0.35714285714285715,2,1,2,1,1,0,1,0
3,0.1176470588235294,4,3,0.30543633762517886,4,4,2,2,0,4,1,0.5357142857142858,2,0,1,2,1,1,0,0
3,0.2941176470588235,2,0,0.07015516672169032,3,3,4,1,0,3,2,0.26785714285714285,2,1,1,2,2,1,0,0
2,0.47058823529411764,2,4,0.23236491691427316,0,4,4,2,0,2,2,0.21428571428571425,2,1,1,2,1,0,0,0
1,0.029411764705882346,2,4,0.04500935402222955,0,4,4,2,0,4,2,0.16071428571428575,2,1,1,2,2,0,0,0
0,0.2941176470588235,4,1,0.3502255970067129,0,0,2,2,0,4,3,1.0,2,2,2,3,1,1,0,0
3,0.20588235294117646,4,7,0.08880818752063387,1,2,4,1,0,2,0,0.19642857142857145,2,1,2,2,1,0,0,1
1,0.8235294117647058,2,0,0.3938593595245956,1,1,4,1,0,2,1,0.0892857142857143,2,1,1,3,1,0,0,1
3,0.6470588235294117,4,1,0.6239683063717398,1,2,2,1,0,4,2,0.0892857142857143,0,0,2,1,1,0,0,1
0,0.2941176470588235,0,3,0.21239132827115662,0,4,3,2,0,4,3,0.07142857142857145,0,0,2,2,2,0,0,1
0,0.029411764705882346,4,3,0.17244415098492352,0,2,1,0,0,4,0,0.44642857142857145,2,0,1,3,1,1,0,1
1,0.13235294117647056,2,4,0.10184879498184218,0,1,2,1,2,4,1,0.07142857142857145,2,1,1,1,1,0,0,0
0,0.16176470588235292,2,5,0.05639925167822163,4,2,4,1,0,2,2,0.0892857142857143,2,0,1,2,1,0,0,1
0,0.2941176470588235,2,3,0.21563772422141522,0,2,4,2,0,4,1,0.16071428571428575,2,1,1,2,1,0,0,0
1,0.08823529411764706,2,3,0.06993507208099482,0,2,4,0,0,2,2,0.21428571428571425,2,1,1,1,1,0,0,0
1,0.2941176470588235,4,7,0.3022449653350941,0,1,2,1,0,4,3,0.0892857142857143,2,2,2,2,1,1,0,0
0,0.25,2,3,0.1842742379223066,0,3,1,1,0,4,2,0.125,2,0,1,1,1,0,0,0
1,0.20588235294117646,2,4,0.16303510509519095,2,1,1,3,0,3,0,0.10714285714285715,2,0,1,2,1,0,0,0
1,0.20588235294117646,2,9,0.2304941124683614,0,4,1,2,1,1,0,0.25000000000000006,0,1,1,3,1,1,0,0
2,0.08823529411764706,2,0,0.20353251898316277,0,1,1,2,2,1,1,0.32142857142857145,2,1,1,1,2,0,0,0
3,0.16176470588235292,4,4,0.06652360515021459,0,2,4,1,0,2,2,0.42857142857142855,2,1,1,1,1,0,0,0
1,0.13235294117647056,4,4,0.034774953229888855,0,1,4,2,2,4,0,0.07142857142857145,2,1,2,2,1,0,0,0
1,0.2941176470588235,2,4,0.1930229998899527,2,0,1,1,0,4,3,0.07142857142857145,2,0,1,0,1,0,0,0
3,0.029411764705882346,3,9,0.08215032463959503,1,2,1,2,0,2,0,0.26785714285714285,2,1,2,1,1,0,0,0
1,0.07352941176470588,4,7,0.048750962914053037,3,4,4,2,0,3,3,0.23214285714285715,2,2,2,2,2,0,0,1
3,0.07352941176470588,2,5,0.05425332893144051,0,1,1,1,0,4,0,0.07142857142857145,2,0,1,2,1,1,0,0
1,0.07352941176470588,2,3,0.039011775063277215,0,2,1,1,0,2,2,0.17857142857142855,2,1,1,2,1,0,1,1
3,0.20588235294117646,4,1,0.16391548365797293,4,0,2,2,0,4,3,0.33928571428571425,2,1,1,3,1,1,0,0
0,0.1176470588235294,0,4,0.327335754374381,0,2,4,2,0,2,1,0.16071428571428575,2,0,2,2,1,1,0,1
3,0.08823529411764706,2,7,0.026246285902938263,2,4,4,2,0,4,3,0.48214285714285715,2,2,1,2,1,1,0,0
1,0.2941176470588235,2,0,0.05480356553317926,0,1,4,2,0,2,0,0.07142857142857145,1,1,1,1,1,0,0,1
3,0.1176470588235294,4,4,0.11450423682183337,4,4,1,2,1,4,0,0.5357142857142858,2,1,1,2,1,1,0,0
3,0.47058823529411764,3,4,0.2318146803125344,0,2,4,2,0,2,2,0.125,2,1,2,3,1,1,0,1
3,0.1176470588235294,2,4,0.028942445251458126,0,2,4,3,0,2,0,0.16071428571428575,2,1,1,2,1,0,0,0
0,0.38235294117647056,2,3,0.11863101133487398,0,3,4,1,0,4,0,0.07142857142857145,2,0,1,2,1,0,0,1
1,0.20588235294117646,2,7,0.05441839991196214,4,2,4,2,0,4,3,0.75,2,2,1,2,1,0,0,0
2,0.1176470588235294,2,4,0.17326950588753165,4,4,2,2,0,3,2,0.32142857142857145,2,1,1,3,1,0,0,0
2,0.1176470588235294,3,0,0.1098822493672279,0,2,2,1,0,2,2,0.30357142857142855,1,1,2,2,1,1,0,0
3,0.029411764705882346,2,3,0.08341586882359414,0,2,1,3,0,2,1,0.035714285714285754,2,0,1,2,1,0,0,0
0,0.20588235294117646,2,3,0.12231759656652359,0,0,4,2,0,1,2,0.10714285714285715,2,1,1,0,1,0,0,1
3,0.1176470588235294,2,9,0.0710905689446462,0,3,2,2,0,4,2,0.30357142857142855,2,1,1,2,1,1,0,0
3,0.20588235294117646,4,1,0.19808517662594918,0,3,3,2,0,1,2,0.14285714285714285,2,1,2,2,1,0,0,0
0,0.20588235294117646,2,3,0.1870804445911742,0,1,1,1,0,4,2,0.0535714285714286,2,0,1,2,1,0,0,0
0,0.47058823529411764,2,3,0.17585561791570375,0,4,4,2,0,2,2,0.41071428571428575,2,1,1,2,2,0,0,1
1,0.20588235294117646,2,3,0.1513700891383295,0,3,2,1,0,4,0,0.37499999999999994,2,0,1,2,1,0,0,0
3,0.47058823529411764,2,0,0.15566193463189174,4,2,4,2,0,4,0,0.30357142857142855,2,1,1,2,1,0,0,0
3,0.20588235294117646,4,4,0.32023770221195114,0,4,3,2,0,4,2,0.25000000000000006,2,1,2,2,1,1,0,0
3,0.08823529411764706,4,3,0.10432485968966655,0,1,1,1,0,3,0,0.07142857142857145,2,0,2,2,1,0,0,0
3,0.8235294117647058,4,0,0.7431495543083525,4,4,2,2,0,4,3,0.7857142857142858,0,2,1,3,1,1,0,0
1,0.8235294117647058,1,2,0.799603829646748,1,4,3,1,0,4,3,0.7321428571428572,0,2,2,3,1,1,0,1
0,0.6470588235294117,1,9,0.4091009133927589,0,3,2,1,2,4,2,0.32142857142857145,2,0,1,2,1,0,0,1
3,0.20588235294117646,3,4,0.11389897655992078,0,0,2,3,0,3,0,0.26785714285714285,2,1,2,2,1,0,0,0
3,0.044117647058823525,3,4,0.03279410146362936,4,4,3,2,0,4,3,0.30357142857142855,2,2,1,2,1,0,0,0
1,0.47058823529411764,2,0,0.7740728513260702,0,4,4,2,0,2,3,0.6785714285714286,2,2,1,3,1,1,0,1
3,0.029411764705882346,4,0,0.0061626499394739735,1,2,4,1,0,4,2,0.5892857142857142,2,1,2,1,1,0,0,0
0,0.23529411764705882,2,3,0.10795642126114229,4,3,4,2,0,4,2,0.35714285714285715,2,1,1,2,1,1,0,0
1,0.20588235294117646,2,1,0.7002310993727302,0,0,3,1,0,4,3,0.33928571428571425,2,2,1,3,1,1,0,1
3,0.2647058823529412,2,0,0.05683944095961263,4,3,4,1,0,4,1,0.10714285714285715,2,0,1,2,1,0,0,0
2,0.1176470588235294,2,0,0.05942555298778475,0,1,4,2,0,1,0,0.125,2,1,1,2,1,0,0,0
3,0.38235294117647056,3,9,0.2213051612193243,1,2,2,2,0,2,1,0.125,2,1,2,1,1,0,0,0
3,0.20588235294117646,4,4,0.10938703642566304,0,2,2,1,0,1,2,0.10714285714285715,2,1,2,2,1,0,0,0
3,0.20588235294117646,2,4,0.0482007263123143,4,1,4,1,0,2,0,0.035714285714285754,2,0,1,2,1,1,0,0
1,0.20588235294117646,4,3,0.39198855507868385,0,0,4,2,0,4,1,0.37499999999999994,1,1,2,3,1,1,0,0
1,0.16176470588235292,4,9,0.114229118520964,2,2,2,2,0,4,2,0.14285714285714285,0,1,1,2,1,0,0,0
3,0.07352941176470588,2,9,0.06597336854847584,0,3,3,1,0,2,2,0.14285714285714285,2,1,2,2,1,0,0,0
3,0.20588235294117646,2,0,0.08638714647298339,0,2,2,3,0,2,1,0.19642857142857145,2,1,1,3,1,1,0,0
1,0.1176470588235294,2,3,0.040332342907450205,3,1,1,1,0,4,0,0.0,2,0,1,1,1,0,0,0
0,0.47058823529411764,2,0,0.16501595686145043,0,3,2,2,0,4,3,0.35714285714285715,0,2,1,3,2,1,0,0
0,0.029411764705882346,4,4,0.09392538791680423,0,3,1,1,0,4,2,0.21428571428571425,2,1,1,2,1,0,0,0
3,0.07352941176470588,4,3,0.11863101133487398,0,0,2,2,0,3,2,0.21428571428571425,2,1,1,3,1,0,0,0
1,0.5147058823529411,3,7,0.6333223286012986,1,3,2,2,0,3,3,0.23214285714285715,2,0,1,2,1,1,0,0
0,0.1176470588235294,2,3,0.12809508088478047,0,0,3,1,0,4,3,0.6428571428571428,2,2,1,3,1,0,0,0
0,0.47058823529411764,4,3,0.11543963904478925,0,2,3,3,0,2,1,0.48214285714285715,2,1,2,2,1,1,0,0
1,0.1176470588235294,2,0,0.05353802134918015,0,4,1,0,0,1,0,0.48214285714285715,2,0,2,2,1,0,0,1
3,0.2941176470588235,4,4,0.06965995378012545,3,2,4,1,0,1,0,0.42857142857142855,2,1,2,1,1,0,0,0
3,0.20588235294117646,2,4,0.06729393639264884,0,1,3,3,0,4,0,0.35714285714285715,2,1,1,2,1,1,0,0
1,0.20588235294117646,4,9,0.090073731704633,4,2,4,3,0,4,0,0.16071428571428575,0,1,2,2,1,0,0,0
3,0.2941176470588235,3,9,0.4620886981402003,0,1,2,2,0,2,2,0.14285714285714285,0,1,2,2,1,1,0,1
3,0.14705882352941174,3,0,0.030373060415978873,0,2,4,2,0,2,2,0.14285714285714285,2,1,2,1,1,0,0,0
1,0.20588235294117646,3,0,0.14575767580059426,4,4,4,2,0,4,2,0.42857142857142855,2,1,1,2,2,0,0,0
1,0.2941176470588235,2,4,0.09843732805106195,0,1,1,3,0,1,1,0.0535714285714286,2,1,1,2,1,1,0,1
3,0.2941176470588235,4,1,0.10713106635853417,4,3,4,2,0,4,2,0.42857142857142855,2,1,2,2,2,1,0,0
0,0.16176470588235292,2,4,0.04418399911962144,0,1,4,3,0,2,0,0.14285714285714285,2,1,1,2,1,0,1,0
3,0.2941176470588235,2,4,0.16424562561901618,2,4,3,0,0,2,2,0.125,2,1,1,3,1,1,0,0
2,0.1176470588235294,4,0,0.03791130185979971,2,3,4,3,0,2,0,0.16071428571428575,2,1,3,2,1,1,0,1
1,0.2941176470588235,2,4,0.09447562451854297,0,4,4,1,0,4,2,0.01785714285714285,2,1,1,2,1,1,0,0
3,0.4264705882352941,4,1,0.385330692197645,0,3,3,2,0,2,2,0.28571428571428575,2,1,2,3,1,1,0,0
3,0.1176470588235294,4,9,0.11235831407505227,0,0,4,2,0,2,2,0.41071428571428575,1,1,2,3,1,1,0,1
3,0.08823529411764706,2,0,0.07411687025420931,2,2,3,2,0,2,3,0.37499999999999994,2,0,1,1,2,0,1,0
0,0.2941176470588235,2,0,0.062231759656652355,4,2,4,1,0,2,1,0.28571428571428575,2,1,1,2,1,0,0,1
3,0.47058823529411764,4,1,0.3076923076923077,0,4,2,2,0,2,1,0.28571428571428575,2,1,2,2,2,1,0,0
0,0.1176470588235294,2,0,0.12815010454495435,0,1,4,2,0,1,0,0.25000000000000006,2,1,1,1,2,0,0,1
0,0.20588235294117646,3,7,0.45234951028942444,4,2,1,1,0,2,2,0.07142857142857145,2,0,2,2,1,1,0,0
3,0.25,2,0,0.13931990756025092,2,3,1,1,0,2,2,0.21428571428571425,0,1,1,3,1,0,0,0
1,0.20588235294117646,2,0,0.04357873885770881,4,2,4,1,0,2,1,0.25000000000000006,2,1,1,2,1,0,0,1
3,0.16176470588235292,2,0,0.16154946627049632,3,3,2,1,0,3,2,0.01785714285714285,2,0,1,2,1,0,0,0
1,0.1176470588235294,2,1,0.09783206778914934,4,2,4,2,0,2,2,0.19642857142857145,2,1,1,2,1,0,0,0
1,0.1176470588235294,4,0,0.03895675140310334,0,3,2,2,0,3,0,0.49999999999999994,2,1,2,1,2,0,0,0
3,0.25,3,3,0.07378672829316606,1,3,4,2,0,3,0,0.26785714285714285,2,1,2,3,1,0,0,0
1,0.1176470588235294,2,3,0.13821943435677342,4,4,1,1,0,2,1,0.10714285714285715,0,1,1,2,1,1,0,1
1,0.20588235294117646,2,1,0.1391548365797293,0,2,1,3,0,3,2,0.035714285714285754,2,0,1,2,1,1,0,0
3,0.3529411764705882,4,4,0.1371739848134698,0,4,4,2,0,2,2,0.17857142857142855,2,1,2,2,1,0,0,0
3,0.20588235294117646,4,4,0.049466270496313414,3,2,4,2,0,3,0,0.48214285714285715,2,1,2,2,1,0,0,0
3,0.07352941176470588,2,3,0.05849015076482887,0,4,1,2,0,4,2,0.01785714285714285,2,1,1,2,1,0,0,0
0,0.20588235294117646,4,6,0.05172224056344228,0,0,2,1,0,4,3,0.6428571428571428,2,2,3,0,2,0,0,1
3,0.01470588235294118,2,9,0.1759656652360515,0,3,1,2,0,4,0,0.9821428571428572,2,1,1,1,1,0,0,0
1,0.2941176470588235,2,2,0.6095521074061846,0,2,2,2,1,3,2,0.17857142857142855,0,1,2,3,1,1,0,1
0,0.029411764705882346,4,3,0.08924837680202487,0,0,4,2,0,4,3,0.30357142857142855,2,2,3,3,1,1,0,0
3,0.2941176470588235,4,6,0.09948277759436558,0,2,4,0,0,2,0,0.25000000000000006,2,1,2,2,1,1,0,0
0,0.07352941176470588,2,3,0.1037746230879278,0,2,3,2,0,2,0,0.10714285714285715,2,1,1,2,1,0,0,0
1,0.1176470588235294,2,4,0.06789919665456146,4,2,2,3,0,1,0,0.10714285714285715,2,1,1,2,1,1,0,1
3,0.029411764705882346,2,6,0.022559700671288655,2,3,2,3,0,4,0,0.07142857142857145,2,0,1,1,1,0,0,0
3,0.2941176470588235,4,0,0.05705953560030813,3,4,4,1,0,4,0,0.32142857142857145,2,1,2,2,1,1,0,0
0,0.5588235294117647,4,6,0.17299438758666227,0,0,4,2,1,4,2,0.8214285714285714,2,1,2,0,1,0,0,0
2,0.1176470588235294,1,9,0.019753494002421042,0,1,4,1,0,1,0,0.125,2,1,1,0,1,0,0,1
3,0.1176470588235294,2,0,0.08990866072411137,0,4,4,2,0,4,2,0.35714285714285715,2,1,1,3,1,1,0,0
0,0.1176470588235294,2,3,0.07538241443820842,0,2,2,1,1,3,1,0.19642857142857145,2,1,1,2,1,0,0,0
1,0.23529411764705882,3,2,0.13090128755364808,0,2,2,2,0,3,2,0.17857142857142855,0,1,2,2,1,1,0,0
3,0.1176470588235294,2,7,0.02580609662154727,0,4,4,2,0,4,2,0.39285714285714285,0,1,1,1,2,0,0,1
1,0.6470588235294117,4,3,0.2666446572025971,0,2,2,1,0,3,2,0.19642857142857145,2,1,1,3,1,1,0,1
3,0.07352941176470588,4,7,0.05469351821283151,4,4,4,1,0,4,1,0.39285714285714285,2,0,2,1,1,0,0,0
0,0.47058823529411764,2,0,0.08759766699680863,0,1,4,1,0,4,2,0.26785714285714285,2,1,1,2,1,1,0,1
1,0.044117647058823525,2,4,0.12798503356443272,0,2,2,2,2,2,0,0.28571428571428575,2,1,1,2,1,0,0,0
2,0.1176470588235294,2,3,0.06459777704412897,4,4,3,1,0,4,0,0.6428571428571428,2,1,1,3,1,1,0,0
1,0.16176470588235292,3,6,0.06943985913942995,3,2,3,3,0,3,1,0.75,1,1,2,2,1,0,0,1
3,0.47058823529411764,4,1,0.594475624518543,4,2,4,2,0,2,2,0.19642857142857145,2,1,1,3,1,1,0,0
3,0.029411764705882346,2,4,0.014746340926598437,0,2,3,1,0,1,0,0.17857142857142855,2,1,1,2,1,0,0,0
3,0.1176470588235294,0,3,0.1380543633762518,0,4,2,2,0,4,1,0.26785714285714285,2,1,2,2,1,0,0,0
3,0.2941176470588235,2,1,0.13315725762077696,0,4,4,2,0,4,2,0.28571428571428575,2,1,1,3,1,1,0,0
0,0.2941176470588235,2,0,0.2512930560140861,0,3,2,2,1,3,1,0.21428571428571425,2,1,1,2,1,1,0,1
3,0.2941176470588235,2,1,0.1336524705623418,0,1,4,1,0,1,3,0.17857142857142855,2,1,1,3,1,1,0,0
0,0.10294117647058824,4,0,0.2011114779355123,0,2,2,2,0,2,0,0.30357142857142855,2,0,2,2,2,0,0,0
0,0.1176470588235294,2,1,0.17255419830527127,0,4,3,2,0,4,3,0.28571428571428575,2,2,1,2,1,1,0,1
0,0.029411764705882346,2,5,0.005117200396170352,0,1,4,1,0,1,0,0.14285714285714285,2,1,1,2,1,0,0,0
3,0.20588235294117646,2,4,0.239022779795312,0,1,3,2,0,2,2,0.23214285714285715,2,1,1,2,1,1,0,0
0,0.47058823529411764,2,3,0.18542973478595798,0,2,1,2,2,2,1,0.32142857142857145,2,1,1,2,2,0,0,0
0,0.16176470588235292,2,0,0.08093980411576977,0,1,2,2,0,3,0,0.30357142857142855,2,1,1,2,1,0,0,0
1,0.1176470588235294,2,3,0.1522504677011115,0,1,3,1,0,1,0,0.26785714285714285,2,0,1,3,1,0,0,0
1,0.1176470588235294,2,8,0.027731924727632886,4,4,4,2,0,4,1,0.33928571428571425,2,1,2,2,1,0,0,0
3,0.20588235294117646,2,9,0.0935402222955871,0,3,4,2,0,1,2,0.26785714285714285,1,1,2,2,1,1,0,0
0,0.2941176470588235,2,1,0.14713326730494114,0,2,3,2,2,4,3,0.7857142857142858,0,1,1,2,2,1,0,0
0,0.2941176470588235,3,4,0.07752833718498954,0,1,4,1,0,2,2,0.17857142857142855,2,0,1,1,1,1,0,1
3,0.6470588235294117,3,4,0.3845053372950369,4,4,3,2,0,3,2,0.23214285714285715,0,1,2,2,2,0,0,0
3,0.4264705882352941,3,9,0.13832948167712117,0,2,2,1,0,2,2,0.125,2,1,2,2,1,1,0,0
3,0.2941176470588235,3,1,0.24369979091009136,0,3,3,2,0,3,2,0.28571428571428575,2,1,2,1,1,1,0,0
1,0.2941176470588235,2,4,0.15637724221415208,1,1,3,3,0,2,2,0.0535714285714286,2,0,1,2,1,1,0,1
0,0.029411764705882346,2,7,0.010894684714427203,0,1,4,1,0,4,1,0.07142857142857145,2,1,1,2,1,0,0,1
0,0.07352941176470588,2,0,0.022229558710245404,0,2,4,2,0,3,2,0.16071428571428575,2,1,1,1,1,0,0,1
3,0.029411764705882346,2,8,0.05436337625178826,4,0,4,2,0,4,1,0.30357142857142855,2,1,1,3,2,1,0,0
1,0.20588235294117646,4,4,0.05474854187300539,0,2,4,3,0,2,2,0.25000000000000006,2,1,1,2,1,0,0,1
0,0.20588235294117646,0,3,0.15758776273797734,0,1,1,1,0,4,1,0.125,2,0,1,2,1,0,0,1
3,0.5147058823529411,2,1,0.1275998679432156,2,2,4,2,0,4,2,0.0892857142857143,2,1,1,2,1,0,0,0
2,0.2941176470588235,2,4,0.2697259821723341,0,3,4,2,0,2,2,0.10714285714285715,0,1,1,2,1,0,0,0
1,0.1176470588235294,2,9,0.04330362055683944,1,3,3,2,0,4,0,0.35714285714285715,2,1,1,1,1,0,0,0
0,0.16176470588235292,4,3,0.0675690546935182,0,4,4,2,0,4,2,0.44642857142857145,2,1,2,2,2,1,0,0
1,0.1176470588235294,4,4,0.18284362275778587,0,2,1,1,0,1,0,0.07142857142857145,2,1,1,1,1,0,0,0
1,0.2941176470588235,2,0,0.052327500825354895,0,1,4,2,0,1,1,0.125,2,1,1,2,1,0,0,0
0,0.38235294117647056,2,3,0.18553978210630573,3,4,4,1,0,4,1,0.6785714285714286,2,0,2,2,1,1,0,0
3,0.16176470588235292,3,3,0.03906679872345109,3,3,3,1,0,2,1,0.19642857142857145,2,1,2,2,1,0,0,0
3,0.1176470588235294,4,0,0.05023660173874765,2,2,4,2,0,4,0,0.44642857142857145,2,1,1,2,1,1,0,0
1,0.029411764705882346,3,0,0.052767690106745896,0,0,4,2,0,4,1,0.49999999999999994,2,1,1,3,1,1,0,1
3,0.1176470588235294,2,4,0.15555188731154398,0,2,2,2,0,4,2,0.5892857142857142,2,1,1,2,1,1,0,0
3,0.2941176470588235,2,0,0.19296797622977882,0,4,4,1,1,4,3,0.7678571428571428,2,2,1,2,1,1,0,0
3,0.08823529411764706,2,0,0.06426763508308572,1,2,3,2,0,2,0,0.28571428571428575,2,0,1,1,1,0,1,0
3,0.029411764705882346,2,0,0.17981732144822274,0,2,2,2,2,3,1,0.125,2,0,1,2,1,0,0,0
3,0.1176470588235294,4,4,0.0926598437328051,0,4,2,2,0,2,3,0.125,2,1,2,2,1,0,0,0
1,0.338235294117647,0,9,0.4439308902828216,0,4,2,1,0,4,3,0.41071428571428575,2,2,2,3,1,1,0,1
3,0.029411764705882346,4,4,0.05430835259161439,1,2,1,1,0,1,1,0.14285714285714285,2,1,2,2,1,0,0,0
1,0.029411764705882346,2,4,0.0064927919005172245,4,4,4,2,0,4,1,0.33928571428571425,2,1,1,2,1,0,0,0
0,0.1176470588235294,4,0,0.10300429184549356,0,2,3,2,0,2,0,0.35714285714285715,2,0,2,1,2,0,1,0
0,0.2941176470588235,2,3,0.15109497083746012,4,2,2,3,0,4,2,0.01785714285714285,2,1,1,2,1,0,0,1
1,0.47058823529411764,2,3,0.48332783096731596,1,1,4,2,1,1,3,0.17857142857142855,2,0,1,3,1,1,0,1
3,0.2941176470588235,4,3,0.0734565863321228,0,3,4,2,0,3,1,0.37499999999999994,2,1,2,2,1,0,0,0
1,0.20588235294117646,2,4,0.05782986684274238,0,4,4,3,2,2,0,0.23214285714285715,2,1,1,1,1,0,0,0
2,0.029411764705882346,4,0,0.05904038736656762,1,4,2,0,0,4,2,0.16071428571428575,2,1,2,2,2,1,0,0
0,0.2941176470588235,2,0,0.15808297567954221,0,1,4,1,0,1,1,0.14285714285714285,2,1,1,2,1,0,0,1
0,0.47058823529411764,2,1,0.2884890502916254,0,4,2,2,0,4,3,0.41071428571428575,2,2,1,2,2,0,0,0
2,0.07352941176470588,2,4,0.0482007263123143,1,4,2,0,0,4,0,0.5357142857142858,2,1,1,2,1,0,0,0
1,0.2941176470588235,4,4,0.05315285572796302,1,1,4,2,0,4,3,0.33928571428571425,0,1,2,2,2,0,0,1
0,0.2941176470588235,2,0,0.052657642786398146,0,1,4,1,0,4,1,0.0892857142857143,2,0,1,2,1,0,0,1
3,0.08823529411764706,2,0,0.05827005612413337,4,2,4,2,2,4,1,0.14285714285714285,2,1,1,1,1,0,0,1
2,0.16176470588235292,4,1,0.11609992296687575,2,2,2,2,0,2,2,0.30357142857142855,2,1,1,2,1,1,0,0
1,0.16176470588235292,1,0,0.3631561571475735,1,0,1,2,0,2,1,0.26785714285714285,2,1,1,3,2,1,0,1
3,0.2941176470588235,2,4,0.06399251678221635,0,2,4,3,0,2,1,0.16071428571428575,2,1,1,2,1,0,0,0
3,0.5147058823529411,2,1,0.4587872785297678,1,4,4,2,0,2,2,0.46428571428571425,2,1,1,3,1,1,0,0
0,0.1176470588235294,2,0,0.028007043028502255,0,3,4,2,0,2,0,0.125,2,1,1,2,1,0,0,1
3,0.47058823529411764,2,1,0.24408495653130846,0,2,2,2,0,2,3,0.23214285714285715,2,2,1,3,1,1,0,0
2,0.16176470588235292,2,9,0.1340926598437328,0,3,2,2,0,4,1,0.125,2,0,1,2,1,1,0,0
1,0.1176470588235294,3,4,0.018432926158248045,0,2,4,3,1,4,0,0.01785714285714285,2,0,2,2,1,0,0,0
3,0.2941176470588235,2,0,0.1103224386486189,4,1,4,2,0,1,1,0.625,2,1,1,2,1,0,0,0
0,0.029411764705882346,4,0,0.019753494002421042,0,3,4,1,0,3,1,0.32142857142857145,2,1,2,2,1,0,1,0
0,0.029411764705882346,4,0,0.061131286453174866,0,1,2,2,0,4,0,0.37499999999999994,2,1,1,1,2,0,1,0
3,0.47058823529411764,4,3,0.37839771101573677,0,1,2,1,0,4,1,0.07142857142857145,2,0,2,2,1,1,0,1
0,0.029411764705882346,2,0,0.052437548145702645,1,4,3,2,0,2,1,0.42857142857142855,2,1,1,2,1,1,0,0
3,0.029411764705882346,4,4,0.024760647078243648,4,4,4,2,0,4,3,0.30357142857142855,2,2,2,2,1,0,0,0
3,0.2941176470588235,4,6,0.28925938153405967,0,4,3,2,0,4,3,0.44642857142857145,2,2,2,2,1,0,0,0
0,0.20588235294117646,2,4,0.16176956091119182,0,2,2,1,0,2,0,0.0892857142857143,2,1,1,2,1,0,0,1
0,0.6470588235294117,0,3,0.37795752173434577,0,2,3,2,0,4,3,0.6071428571428572,2,2,2,2,2,0,0,1
3,0.2941176470588235,2,1,0.1781666116430065,1,3,3,1,0,4,2,0.07142857142857145,2,1,1,2,1,0,0,0
1,0.20588235294117646,2,4,0.04748541873005392,0,2,4,1,2,4,0,0.125,2,1,1,1,2,0,0,0
1,0.32352941176470584,2,1,0.42456256190161773,0,1,2,2,0,3,2,0.19642857142857145,2,1,2,2,1,0,0,0
3,0.16176470588235292,4,7,0.07054033234290745,1,2,4,1,0,3,2,0.21428571428571425,2,1,1,2,1,0,0,0
3,0.0,4,4,0.06894464619786508,0,3,2,2,0,1,0,0.41071428571428575,2,1,2,1,2,0,0,0
0,0.47058823529411764,2,4,0.11290855067679102,0,2,4,0,0,4,2,0.21428571428571425,2,0,1,2,1,0,0,1
0,0.029411764705882346,2,0,0.022669747991636405,0,1,3,2,0,4,0,0.39285714285714285,2,1,1,1,2,1,0,0
1,0.47058823529411764,2,7,0.11131286453174864,0,3,3,2,0,1,2,0.23214285714285715,2,1,2,2,2,0,0,0
1,0.16176470588235292,2,0,0.13101133487399583,1,2,2,1,0,4,2,0.16071428571428575,2,0,2,2,1,1,0,1
3,0.1176470588235294,3,1,0.06894464619786508,0,2,4,3,0,4,0,0.39285714285714285,2,0,1,2,1,0,0,0
3,0.2941176470588235,2,4,0.05838010344448112,1,3,4,3,0,3,1,0.125,2,1,1,2,1,1,0,0
3,0.2941176470588235,2,4,0.15709254979641246,4,1,4,2,0,2,2,0.10714285714285715,2,1,2,2,1,0,0,0
2,0.25,4,7,0.1138439528997469,0,1,2,0,0,1,2,0.25000000000000006,2,0,1,2,1,0,0,1
0,0.029411764705882346,2,0,0.06184659403543523,4,0,4,1,0,3,1,1.0,2,1,1,3,1,1,0,0
1,0.20588235294117646,4,3,0.18498954550456698,0,4,3,1,0,4,1,0.32142857142857145,2,1,1,2,1,1,0,0
0,0.6470588235294117,2,0,0.41339275888632115,0,4,4,2,0,4,3,0.41071428571428575,0,2,1,3,1,0,0,1
2,0.20588235294117646,2,3,0.15401122482667548,0,1,1,1,0,1,1,0.46428571428571425,1,1,1,1,1,0,0,0
1,0.1176470588235294,2,4,0.0706503796632552,0,1,1,3,0,1,0,0.07142857142857145,2,0,1,2,1,0,0,1
3,0.2941176470588235,3,0,0.09805216242984482,0,4,4,2,0,4,3,0.7321428571428572,2,2,2,2,1,1,0,0
0,0.38235294117647056,2,3,0.33564432706063607,4,4,4,2,0,4,1,0.21428571428571425,2,1,1,2,1,0,0,1
2,0.20588235294117646,2,3,0.14383184769450866,0,2,2,2,0,1,0,0.26785714285714285,2,1,1,1,2,0,0,1
3,0.1176470588235294,4,0,0.05529877847474414,0,4,4,2,0,4,0,0.75,2,1,2,1,1,0,0,0
0,0.2941176470588235,3,0,0.059590623968306375,0,0,4,2,0,2,0,0.42857142857142855,2,2,2,2,2,0,0,1
3,0.2941176470588235,4,0,0.09750192582810609,0,2,4,1,0,4,2,0.32142857142857145,2,1,1,2,1,1,0,0
3,0.2941176470588235,2,4,0.07164080554638494,0,3,3,2,0,1,2,0.23214285714285715,0,1,1,2,2,0,0,0
0,0.1176470588235294,1,4,0.020688896225376913,0,2,4,1,0,4,0,0.0892857142857143,0,1,1,1,1,0,0,1
3,0.6470588235294117,4,1,0.473643666776714,4,3,2,2,0,1,3,0.28571428571428575,2,2,2,2,1,1,0,0
3,0.1176470588235294,4,6,0.04104765048971058,4,3,4,1,0,4,0,0.07142857142857145,2,1,2,2,1,0,0,0
3,0.029411764705882346,1,4,0.08253549026081215,2,4,2,2,0,4,1,0.46428571428571425,0,1,1,1,2,0,0,0
0,0.6470588235294117,2,4,0.3713546825134808,0,3,1,3,2,1,0,0.26785714285714285,2,1,2,2,1,1,0,1
1,0.1176470588235294,4,0,0.09601628700341147,1,1,4,2,0,1,2,0.14285714285714285,2,1,1,2,1,0,0,0
1,0.07352941176470588,2,7,0.052217453505007144,0,3,4,1,0,4,1,0.8571428571428572,2,1,2,3,1,1,0,0
1,0.1176470588235294,2,4,0.059480576647958625,0,1,2,2,0,1,2,0.0535714285714286,1,1,1,2,1,0,0,1
1,0.20588235294117646,0,0,0.11158798283261802,1,1,3,1,0,3,2,0.16071428571428575,2,1,2,2,1,0,0,1
3,0.25,0,0,0.26152745680642675,4,2,1,1,0,4,1,0.17857142857142855,0,1,2,2,1,1,0,1
0,0.2941176470588235,1,3,0.1816881258941345,0,3,3,2,0,4,2,0.14285714285714285,0,1,1,2,1,0,0,1
1,0.20588235294117646,4,3,0.09232970177176185,0,1,2,2,0,2,0,0.21428571428571425,2,1,2,1,1,0,0,1
0,0.2941176470588235,2,1,0.14933421371189612,4,4,4,2,0,4,3,0.5357142857142858,0,2,1,2,2,1,0,0
0,0.2941176470588235,1,4,0.07131066358534169,0,3,4,2,2,4,2,0.0892857142857143,0,0,1,1,1,0,0,1
2,0.029411764705882346,3,4,0.023825244855287777,0,1,2,1,0,1,1,0.17857142857142855,0,1,1,2,1,0,0,0
1,0.47058823529411764,2,0,0.6679322108506658,4,2,1,2,0,4,3,0.32142857142857145,2,2,1,2,1,1,0,1
1,0.2941176470588235,3,9,0.24551557169582922,4,2,4,2,0,2,1,0.32142857142857145,0,1,2,3,1,1,0,0
1,0.2941176470588235,3,4,0.07169582920655881,1,3,3,1,0,2,1,0.07142857142857145,2,0,2,2,1,1,0,0
0,0.1176470588235294,2,0,0.06173654671508748,0,3,2,0,0,3,2,0.30357142857142855,2,1,1,2,1,0,0,1
3,0.2941176470588235,4,4,0.12809508088478047,3,4,2,2,0,2,2,0.26785714285714285,2,1,1,2,1,0,0,0
1,0.6470588235294117,2,4,0.20518322878837902,4,3,4,2,0,1,2,0.39285714285714285,2,1,2,2,2,1,0,0
0,0.6470588235294117,2,4,0.358093980411577,0,2,3,1,0,2,2,0.21428571428571425,2,1,1,2,1,1,0,1
0,0.2941176470588235,2,3,0.1641906019588423,0,1,4,1,0,4,0,0.07142857142857145,2,0,1,1,1,1,0,1
3,0.38235294117647056,4,4,0.3138549576317817,0,3,3,2,1,2,2,0.33928571428571425,2,1,1,2,1,0,0,0
3,0.2941176470588235,2,1,0.2851876306811929,4,0,2,1,0,4,1,0.125,2,0,1,3,1,1,0,0
0,0.16176470588235292,2,9,0.030593155056674374,0,2,4,1,0,4,1,0.0535714285714286,2,1,1,1,1,0,0,0
1,0.07352941176470588,2,4,0.045779685264663805,0,4,4,2,0,4,2,0.14285714285714285,2,1,2,1,1,0,0,0
3,0.16176470588235292,4,3,0.13965004952129417,0,3,2,1,1,3,2,0.0892857142857143,0,1,2,2,1,0,0,0
1,0.1176470588235294,2,4,0.1474634092659844,0,3,2,1,0,1,0,0.14285714285714285,2,1,1,2,1,0,0,0
3,0.2941176470588235,4,7,0.09227467811158797,4,2,3,1,0,2,2,0.25000000000000006,2,1,2,2,1,1,0,0
1,0.47058823529411764,4,0,0.14141080664685815,0,1,4,0,0,4,2,0.14285714285714285,2,1,2,2,1,0,0,1
3,0.2941176470588235,2,8,0.03780125453945196,0,1,4,3,0,3,2,0.14285714285714285,2,1,2,1,1,0,0,0
1,0.20588235294117646,4,0,0.044349070100143065,0,4,3,2,2,3,0,0.19642857142857145,0,1,2,2,1,0,0,1
1,0.1176470588235294,4,0,0.1581379993397161,0,1,1,2,0,3,0,0.5357142857142858,0,1,2,1,2,0,0,0
3,0.07352941176470588,2,3,0.06261692527786948,0,2,4,1,0,2,0,0.125,2,0,1,2,1,0,0,0
1,0.47058823529411764,2,6,0.11742049081104876,0,1,4,2,0,1,3,0.25000000000000006,2,0,1,1,1,0,0,1
3,0.1176470588235294,2,0,0.10360955210740619,4,4,4,1,0,4,3,0.5892857142857142,2,2,1,3,1,1,0,0
0,0.20588235294117646,2,3,0.09843732805106195,0,2,1,1,0,4,0,0.01785714285714285,0,0,1,2,1,0,0,1
0,0.07352941176470588,4,0,0.1402553097832068,0,2,2,2,0,2,0,0.30357142857142855,2,0,2,2,2,0,0,0
0,0.1176470588235294,2,3,0.05716958292065588,0,2,4,2,2,1,1,0.035714285714285754,2,1,1,1,1,0,0,0
0,0.20588235294117646,2,5,0.0532078793881369,0,2,4,3,0,3,0,0.49999999999999994,2,1,1,1,1,1,0,1
0,0.1176470588235294,4,3,0.10982722570705403,0,4,3,2,0,3,1,0.7321428571428572,2,1,2,2,1,0,0,1
0,0.1176470588235294,4,4,0.007428194123473095,0,3,4,1,0,3,0,0.6964285714285714,2,1,4,1,1,1,0,0
1,0.2941176470588235,3,0,0.09436557719819522,4,2,4,1,0,4,2,0.41071428571428575,2,0,2,2,1,1,0,0
3,0.25,2,9,0.07274127874986244,3,4,4,1,0,4,0,0.30357142857142855,0,1,1,1,1,0,0,0
1,0.2941176470588235,2,0,0.13579839330912294,0,2,3,1,0,4,1,0.01785714285714285,2,0,1,1,1,1,0,1
0,0.2941176470588235,1,2,0.06096621547265324,4,4,4,2,0,3,2,0.37499999999999994,1,1,1,3,1,1,0,1
1,0.029411764705882346,1,0,0.03747111257840871,1,1,1,1,0,1,1,0.23214285714285715,1,1,1,1,1,0,0,1
0,0.2941176470588235,2,0,0.06558820292725871,0,3,4,1,0,4,2,0.07142857142857145,2,0,2,2,1,0,0,1
1,0.2941176470588235,0,9,0.2195994277539342,0,2,1,2,0,4,0,0.30357142857142855,2,1,3,1,1,1,0,1
3,0.20588235294117646,4,0,0.1389347419390338,0,3,2,2,0,2,1,0.21428571428571425,0,1,2,2,1,0,0,1
3,0.2941176470588235,3,9,0.19880048420820953,0,2,1,2,0,2,3,0.23214285714285715,2,2,1,2,1,0,0,0
1,0.044117647058823525,2,4,0.11439418950148562,0,1,1,1,2,1,0,0.46428571428571425,2,1,1,2,1,0,0,0
1,0.07352941176470588,2,3,0.03675580499614835,0,2,4,1,0,1,1,0.19642857142857145,2,1,1,2,1,0,0,1
1,0.2941176470588235,1,7,0.08732254869593925,0,3,4,1,0,4,3,0.26785714285714285,0,2,1,1,1,0,0,1
3,0.47058823529411764,2,3,0.17051832287883792,0,2,4,1,0,2,2,0.16071428571428575,2,1,1,3,1,1,0,1
2,0.08823529411764706,2,3,0.05639925167822163,0,1,4,1,0,2,1,0.07142857142857145,2,1,1,2,1,0,0,0
0,0.2941176470588235,1,3,0.14185099592824915,2,2,4,2,0,4,0,0.0535714285714286,1,1,1,2,1,1,0,0
3,0.2941176470588235,4,9,0.23528117090348852,0,2,3,2,0,2,0,0.9821428571428572,2,1,1,3,1,1,0,0
1,0.47058823529411764,2,4,0.13321228128095083,1,2,4,1,1,4,3,0.5535714285714286,2,2,1,2,1,0,0,1
3,0.20588235294117646,2,4,0.09909761197314845,0,1,4,2,0,1,0,0.25000000000000006,2,1,1,2,1,0,0,0
3,0.16176470588235292,2,1,0.05777484318256851,4,4,4,2,0,4,3,0.46428571428571425,0,2,1,2,2,0,0,0
0,0.1176470588235294,2,5,0.02701661714537251,1,0,4,1,0,3,1,0.0535714285714286,2,1,1,2,1,0,0,1
2,0.08823529411764706,2,0,0.05447342357213601,1,4,1,1,0,4,3,0.5178571428571428,2,2,1,1,2,0,0,1
0,0.25,2,4,0.17095851216022892,3,1,4,1,0,2,2,0.17857142857142855,0,1,1,2,1,0,0,0
0,0.2941176470588235,1,1,0.18609001870804448,0,2,1,1,2,4,2,0.0535714285714286,0,0,1,2,1,0,1,0
3,0.20588235294117646,3,3,0.08572686255089688,0,3,4,1,0,1,0,0.0535714285714286,2,1,1,2,1,0,0,1
1,0.6470588235294117,0,9,0.6577528337184989,4,2,2,2,0,2,2,0.5178571428571428,0,1,1,3,1,1,0,0
1,0.8235294117647058,3,4,0.4900957411687025,4,2,2,2,0,2,3,0.14285714285714285,2,2,1,3,1,0,0,0
0,0.029411764705882346,4,0,0.18851105975569496,0,2,1,2,0,3,0,0.32142857142857145,2,0,3,2,2,0,0,0
1,0.38235294117647056,2,3,0.17558049961483438,1,2,2,1,1,4,2,0.035714285714285754,2,0,1,2,1,0,0,1
3,0.1176470588235294,2,0,0.02145922746781116,0,2,4,0,0,2,0,0.5357142857142858,2,1,1,1,1,0,0,0
1,0.25,4,9,0.18719049191152196,0,3,2,2,0,3,1,0.14285714285714285,2,1,2,2,1,0,0,0
3,0.20588235294117646,4,0,0.0704302850225597,0,2,3,2,0,2,1,0.23214285714285715,0,1,2,2,1,0,0,1
3,0.6470588235294117,2,9,0.20160669087707717,4,2,4,0,0,2,0,0.33928571428571425,0,1,1,2,1,0,0,1
0,0.1176470588235294,2,3,0.08847804555959062,0,1,4,1,0,1,2,0.0535714285714286,2,0,1,2,1,0,0,0
0,0.20588235294117646,2,4,0.12930560140860572,0,2,4,2,0,4,3,0.8214285714285714,2,2,2,2,1,0,0,1
3,0.16176470588235292,2,4,0.09513590844062947,4,4,4,2,0,2,2,0.28571428571428575,2,1,1,2,1,0,0,0
2,0.029411764705882346,2,3,0.10267414988445031,0,2,2,2,0,2,0,0.39285714285714285,2,1,1,2,1,1,0,0
1,0.07352941176470588,1,0,0.06531308462638935,1,3,2,2,0,3,3,0.17857142857142855,2,1,1,2,1,0,0,1
3,0.5588235294117647,4,3,0.20864971937933313,2,2,4,2,0,4,0,0.30357142857142855,2,1,2,2,1,1,0,0
3,0.07352941176470588,2,7,0.19709475074281943,4,4,1,2,0,4,0,0.8035714285714286,2,1,1,1,1,0,0,0
0,0.2941176470588235,2,4,0.18763068119291296,0,2,2,1,0,4,2,0.16071428571428575,2,1,1,2,1,0,0,0
0,0.20588235294117646,1,3,0.07169582920655881,0,2,4,2,0,3,2,0.44642857142857145,0,1,1,2,1,0,0,1
1,0.16176470588235292,2,4,0.06569825024760646,4,1,4,2,0,1,1,0.07142857142857145,2,1,1,2,1,0,0,0
3,0.07352941176470588,2,3,0.09519093210080334,0,1,2,1,1,2,2,0.0,2,0,2,2,1,0,0,1
1,0.2941176470588235,2,0,0.060801144492131615,0,1,3,1,0,4,2,0.10714285714285715,2,1,1,1,1,1,0,1
3,0.1176470588235294,2,7,0.06289204357873886,0,4,4,2,0,4,1,0.49999999999999994,0,1,3,2,2,1,0,0
3,0.2941176470588235,2,4,0.06195664135578298,2,3,4,1,0,1,2,0.16071428571428575,2,1,1,2,1,0,0,0
3,0.8235294117647058,3,4,0.847529437658193,0,3,2,2,0,4,2,0.035714285714285754,2,1,2,2,1,1,0,0
3,0.1176470588235294,2,4,0.06839440959612633,0,1,4,1,0,3,2,0.26785714285714285,2,1,1,2,2,0,0,0
0,0.5588235294117647,3,4,0.22669747991636405,0,3,3,2,0,2,1,0.125,0,1,2,2,2,1,0,1
0,0.20588235294117646,2,7,0.027511830086937385,0,0,4,1,0,1,0,0.14285714285714285,2,1,1,0,1,0,0,1
1,0.16176470588235292,2,6,0.058215032463959496,0,4,4,2,0,4,2,0.33928571428571425,2,1,2,1,1,0,0,0
3,0.16176470588235292,2,7,0.24061846594035435,1,2,3,2,0,2,1,0.37499999999999994,2,1,1,3,1,1,0,1
3,0.2941176470588235,4,4,0.0880928799383735,0,3,4,3,2,2,2,0.25000000000000006,2,1,2,2,1,1,0,0
0,0.20588235294117646,4,4,0.08968856608341587,0,3,4,3,0,1,1,0.23214285714285715,2,1,2,3,1,1,0,0
3,0.47058823529411764,3,9,0.425332893144052,4,1,4,2,0,4,2,0.14285714285714285,2,0,2,2,1,1,0,1
0,0.38235294117647056,0,3,0.23841751953339935,0,2,2,0,2,2,0,0.23214285714285715,2,1,2,2,1,0,0,0
3,0.1176470588235294,2,0,0.06250687795752173,2,2,2,1,0,2,1,0.125,2,1,1,2,1,0,0,1
2,0.2941176470588235,2,0,0.03835149114119071,0,3,4,2,0,3,3,0.33928571428571425,0,2,1,2,2,0,0,1
0,0.1176470588235294,2,7,0.023880268515461652,0,2,4,2,0,4,2,0.37499999999999994,2,0,1,1,2,0,0,1
0,0.6470588235294117,2,7,0.39760096841641906,0,3,4,2,0,1,3,0.5535714285714286,2,2,1,3,1,1,0,0
1,0.1176470588235294,2,3,0.09199955981071861,0,2,4,2,0,2,1,0.32142857142857145,2,1,1,1,1,0,0,1
0,0.2941176470588235,2,0,0.1129635743369649,0,4,4,2,1,1,0,0.46428571428571425,2,1,1,2,1,0,0,1
1,0.47058823529411764,3,0,0.4311654011224827,1,4,2,2,0,4,2,0.41071428571428575,2,1,4,3,1,1,0,1
3,0.2941176470588235,4,1,0.1153295917244415,0,3,4,2,0,3,2,0.28571428571428575,2,1,2,2,1,1,0,0
0,0.14705882352941174,2,0,0.20485308682733577,0,0,1,2,0,4,3,0.0535714285714286,2,2,1,2,1,0,0,0
1,0.1176470588235294,2,0,0.035105095190932106,0,4,4,2,0,4,2,0.39285714285714285,0,1,1,1,2,0,0,1
3,0.6470588235294117,2,4,0.5486959392538792,4,3,4,2,0,3,2,0.32142857142857145,1,1,1,2,1,1,0,0
1,0.38235294117647056,0,9,0.2184989545504567,0,2,2,1,0,1,2,0.16071428571428575,2,1,2,2,1,0,0,0
1,0.20588235294117646,4,3,0.3362495873225487,0,4,2,2,0,1,3,0.39285714285714285,2,1,1,2,1,1,0,0
2,0.1176470588235294,2,4,0.05760977220204688,0,2,3,3,0,4,0,0.07142857142857145,2,0,1,2,1,0,0,0
0,0.1176470588235294,2,0,0.035765379113018594,4,2,4,3,0,2,2,0.07142857142857145,2,1,1,2,1,0,0,1
3,0.25,2,3,0.10955210740618465,0,4,4,2,0,2,0,0.5535714285714286,2,1,2,2,1,0,0,0
1,0.029411764705882346,3,3,0.044018928139099814,0,0,4,2,0,1,1,0.28571428571428575,1,1,2,3,1,1,0,0
2,0.029411764705882346,4,7,0.04385385715857819,0,2,2,1,0,4,1,0.5535714285714286,2,1,1,1,1,0,0,0
3,0.2941176470588235,4,2,0.3336634752943766,0,0,4,2,1,2,3,0.14285714285714285,0,1,2,3,1,1,0,0
1,0.38235294117647056,1,3,0.1786068009243975,3,2,4,2,0,2,2,0.26785714285714285,1,1,1,2,2,1,0,0
3,0.6470588235294117,1,9,0.18482447452404535,0,2,1,1,0,1,0,0.14285714285714285,1,1,1,2,1,0,0,0
0,0.1176470588235294,4,0,0.25272367117860683,0,4,3,2,1,4,1,0.42857142857142855,2,0,2,2,1,1,0,1
2,0.38235294117647056,4,4,0.1522504677011115,0,4,4,2,0,4,1,0.49999999999999994,2,1,1,2,1,0,0,0
3,0.2941176470588235,4,9,0.21398701441619897,1,2,3,2,0,3,1,0.14285714285714285,2,1,2,1,1,1,0,0
3,0.47058823529411764,2,9,0.30218994167492025,1,3,2,2,0,2,2,0.21428571428571425,2,1,2,2,1,1,0,0
3,0.8235294117647058,2,0,0.5566193463189171,0,4,2,2,0,4,1,0.41071428571428575,2,1,1,3,1,1,0,0
3,0.029411764705882346,4,0,0.10069329811819082,2,2,1,3,0,2,2,0.0892857142857143,2,1,1,2,1,0,0,0
3,0.25,3,9,0.12820512820512822,2,1,4,2,0,2,0,0.39285714285714285,0,1,1,1,2,0,0,1
3,0.38235294117647056,4,4,0.23550126554418402,0,3,4,1,0,4,2,0.125,2,0,1,3,1,1,0,0
3,0.2941176470588235,4,3,0.26961593485198637,0,4,4,2,0,4,2,0.25000000000000006,2,1,1,2,1,1,0,0
1,1.0,2,4,0.2941014636293606,1,2,2,3,0,2,2,0.0892857142857143,2,1,1,2,1,0,0,1
0,0.2941176470588235,2,4,0.11742049081104876,0,4,4,2,0,4,0,0.8035714285714286,0,0,1,1,1,0,0,0
3,0.20588235294117646,2,4,0.06619346318917134,0,1,3,1,0,1,0,0.125,2,1,1,2,1,0,0,0
3,0.029411764705882346,2,7,0.0708704743039507,0,1,1,1,0,2,3,0.6607142857142858,2,1,1,2,1,0,0,0
3,0.1176470588235294,2,4,0.1116430064927919,4,2,4,2,0,4,3,0.32142857142857145,2,2,1,2,1,1,0,0
3,0.16176470588235292,3,4,0.0675690546935182,0,2,4,3,0,3,0,0.25000000000000006,0,1,2,2,1,0,0,0
3,0.2941176470588235,4,4,0.26702982282381427,0,1,3,3,0,3,3,0.49999999999999994,2,2,3,2,1,1,0,0
1,0.47058823529411764,3,9,0.5286123032904149,1,3,1,2,0,3,1,0.21428571428571425,2,1,2,1,2,1,0,0
3,0.8235294117647058,2,0,0.3453835149114119,4,2,4,2,0,4,3,0.26785714285714285,2,2,1,2,2,1,0,0
2,0.08823529411764706,4,4,0.06036095521074061,4,3,4,2,0,2,1,0.14285714285714285,2,1,2,2,1,1,0,0
1,0.47058823529411764,3,0,0.1437218003741609,1,4,4,2,0,3,3,0.19642857142857145,2,2,1,2,1,0,0,0
3,0.07352941176470588,2,4,0.13772422141520854,1,4,3,2,1,4,2,0.28571428571428575,2,1,1,2,1,1,0,0
0,0.1176470588235294,2,0,0.18713546825134808,3,2,1,2,0,3,1,0.21428571428571425,2,1,1,2,2,0,0,0
0,0.16176470588235292,4,3,0.039892153626059204,0,2,2,0,0,3,1,0.10714285714285715,2,1,2,2,1,0,0,0
1,0.16176470588235292,2,6,0.13101133487399583,1,2,3,1,0,2,0,0.10714285714285715,2,1,1,1,1,0,0,0
1,0.2941176470588235,2,4,0.14559260482007264,1,1,2,2,0,1,2,0.17857142857142855,2,1,1,2,1,0,0,0
0,0.029411764705882346,4,0,0.24573566633652472,4,1,1,2,0,3,0,0.44642857142857145,2,1,2,1,2,0,0,0
3,0.2941176470588235,2,4,0.11191812479366127,0,3,4,2,0,2,2,0.16071428571428575,2,1,1,2,1,1,0,0
3,0.029411764705882346,2,1,0.05425332893144051,2,2,2,2,0,4,1,0.5535714285714286,2,0,1,2,1,0,0,0
1,0.1176470588235294,2,4,0.04693518212831517,0,3,4,2,2,3,0,0.17857142857142855,2,1,2,2,1,0,1,0
3,0.1176470588235294,4,0,0.03719599427753935,0,0,1,1,0,2,1,0.33928571428571425,2,1,1,0,1,0,0,0
3,0.20588235294117646,4,4,0.08528667326950588,0,2,4,2,0,2,2,0.0892857142857143,2,1,2,2,1,0,0,0
2,0.16176470588235292,2,7,0.09106415758776273,0,4,4,2,0,4,2,0.37499999999999994,2,0,1,3,1,1,0,0
3,0.1176470588235294,2,3,0.04803565533179267,2,2,4,1,0,4,2,0.17857142857142855,2,0,1,1,1,0,0,1
0,0.6470588235294117,4,1,0.33459887751733247,0,4,4,2,0,4,3,0.48214285714285715,2,2,2,2,1,1,0,1
2,0.2941176470588235,2,4,0.062011665015956854,1,4,4,1,0,2,3,0.49999999999999994,2,2,1,2,1,1,0,0
1,0.38235294117647056,3,9,0.12396830637173985,1,4,4,2,0,2,1,0.39285714285714285,1,1,2,2,1,0,0,0
1,0.338235294117647,2,9,0.12534389787608674,0,1,4,1,0,1,1,0.23214285714285715,2,1,1,2,2,1,0,0
3,0.16176470588235292,2,0,0.2791900517222406,2,4,1,1,0,4,3,0.28571428571428575,2,2,1,2,1,0,0,0
1,0.6470588235294117,2,0,0.3471992956971498,1,3,3,2,0,2,1,0.0892857142857143,2,1,1,2,1,0,0,1
1,0.1176470588235294,0,3,0.1496093320127655,0,1,4,1,0,3,1,0.10714285714285715,2,0,2,2,1,0,0,1
1,0.07352941176470588,2,4,0.05260261912622427,0,4,4,1,0,4,0,0.10714285714285715,2,1,1,2,1,0,0,0
1,0.07352941176470588,2,4,0.10278419720479806,0,2,2,2,0,2,0,0.32142857142857145,2,1,1,1,2,0,0,0
3,0.20588235294117646,4,4,0.02085396720589854,2,4,4,2,0,3,1,0.23214285714285715,0,1,2,3,1,1,0,0
0,0.029411764705882346,1,7,0.05216242984483327,0,4,4,1,0,4,3,0.28571428571428575,2,2,1,2,1,0,0,1
3,0.25,2,1,0.12248266754704522,4,4,4,2,0,4,0,0.48214285714285715,2,1,1,3,1,1,0,0
0,0.07352941176470588,4,4,0.04886101023440079,0,2,4,2,0,4,0,0.10714285714285715,2,1,2,1,1,0,0,0
1,0.8235294117647058,2,0,0.7580609662154726,0,3,4,2,0,2,3,0.14285714285714285,2,1,1,3,1,1,0,1
3,0.38235294117647056,4,1,0.40420380763728403,4,4,1,2,0,4,2,0.7857142857142858,2,1,2,2,1,0,0,0
3,0.38235294117647056,4,4,0.15555188731154398,4,4,3,2,0,2,2,0.37499999999999994,2,1,2,2,2,1,0,0
3,0.20588235294117646,2,4,0.06905469351821283,0,2,4,2,0,2,3,0.23214285714285715,2,2,1,3,1,1,0,0
2,0.2941176470588235,4,4,0.1594585671838891,4,2,3,2,0,2,2,0.21428571428571425,2,1,2,2,1,1,0,0
1,0.23529411764705882,0,1,0.3245295477055134,1,4,3,3,0,4,2,0.21428571428571425,0,1,2,2,1,1,0,0
2,0.07352941176470588,0,4,0.05981071860900186,0,1,4,2,0,2,2,0.26785714285714285,2,1,2,3,1,1,0,1
1,0.029411764705882346,1,7,0.010069329811819083,3,1,4,1,0,2,1,0.0892857142857143,0,0,1,2,2,0,0,1
0,0.1176470588235294,2,0,0.053813139650049524,0,2,4,1,0,2,0,0.0892857142857143,2,1,1,1,1,0,0,1
1,0.07352941176470588,2,4,0.02971277649389237,2,2,4,1,0,3,0,0.8392857142857144,2,1,1,1,1,0,0,0
3,0.338235294117647,2,0,0.12765489160338947,0,2,3,1,0,3,0,0.035714285714285754,2,0,1,2,1,0,0,1
3,0.029411764705882346,4,0,0.0,3,2,2,1,0,2,0,0.39285714285714285,0,1,2,1,1,0,0,0
3,0.16176470588235292,4,4,0.0586552217453505,2,2,2,3,0,2,1,0.49999999999999994,2,1,2,1,1,0,0,0
0,0.20588235294117646,2,4,0.08979861340376362,0,2,4,1,0,4,2,0.10714285714285715,0,0,2,2,1,0,0,1
1,0.6470588235294117,1,9,0.33927588863211183,0,4,4,1,0,3,3,0.7142857142857144,2,0,1,2,1,0,0,1
2,0.2941176470588235,4,9,0.05639925167822163,3,2,2,0,0,4,0,0.30357142857142855,2,1,2,2,1,1,0,0
1,0.2941176470588235,3,4,0.33856058104985143,0,1,1,2,0,2,2,0.25000000000000006,2,1,1,2,1,0,0,0
0,0.2941176470588235,2,4,0.09557609772202047,0,2,2,2,0,4,0,0.035714285714285754,2,0,1,1,2,0,0,1
1,0.058823529411764705,2,4,0.02806206668867613,0,3,4,1,2,2,0,0.44642857142857145,2,1,1,1,1,0,0,0
3,0.2941176470588235,2,1,0.12947067238912735,3,2,2,1,0,4,2,0.16071428571428575,2,0,1,2,1,1,0,0
3,0.0,4,0,0.17222405634422802,0,3,1,1,0,1,0,0.32142857142857145,2,1,1,2,2,0,0,0
1,0.47058823529411764,1,5,0.20578848905029165,4,1,3,1,0,2,3,0.17857142857142855,0,1,1,0,1,0,0,0
1,0.2941176470588235,2,1,0.6223175965665235,0,2,1,1,0,4,2,0.07142857142857145,2,0,2,3,1,0,0,1
0,0.20588235294117646,2,0,0.2272477165181028,1,2,3,2,0,4,2,0.28571428571428575,2,1,1,1,2,1,0,0
3,0.029411764705882346,4,0,0.3582590513920986,0,3,1,2,0,3,3,0.46428571428571425,2,1,2,3,2,1,0,0
1,0.38235294117647056,0,9,0.2217453505007153,1,2,4,1,0,4,2,0.125,2,0,2,1,1,0,0,1
0,0.2941176470588235,1,0,0.11417409486079015,1,3,2,2,0,3,2,0.23214285714285715,0,1,1,2,1,0,0,0
1,0.08823529411764706,1,4,0.043908880818752064,0,2,4,2,0,4,0,0.07142857142857145,1,1,1,1,1,0,0,0
3,0.25,2,4,0.16011885110597557,4,4,4,2,0,3,1,0.39285714285714285,2,1,1,2,1,1,0,0
0,0.2941176470588235,1,3,0.12286783316826234,2,2,4,2,0,4,0,0.0535714285714286,1,1,1,2,1,1,0,0
0,0.5147058823529411,4,3,0.7664245625619016,4,3,4,2,0,4,1,0.19642857142857145,2,1,2,3,1,1,0,0
0,0.13235294117647056,4,9,0.08512160228898426,0,1,3,2,0,1,1,0.16071428571428575,0,1,2,1,1,0,0,0
0,0.16176470588235292,2,0,0.12440849565313085,0,0,1,1,0,4,2,0.07142857142857145,2,0,1,2,1,0,0,0
0,0.1176470588235294,2,0,0.056344228018047754,0,1,3,1,0,1,0,0.32142857142857145,2,1,1,1,1,0,0,1
3,0.25,2,1,0.2750082535490261,4,2,1,2,0,3,2,0.125,2,1,1,2,1,0,0,0
3,0.16176470588235292,2,1,0.15291075162319798,0,3,2,2,0,2,2,0.25000000000000006,2,1,1,2,1,0,0,0
0,0.029411764705882346,2,3,0.00979421151094971,0,4,2,1,0,1,1,0.5357142857142858,0,1,1,2,1,1,0,0
0,0.20588235294117646,2,0,0.03994717728623308,0,1,1,1,0,2,2,0.07142857142857145,2,1,1,1,1,0,0,1
1,0.1176470588235294,2,9,0.03251898316275999,1,3,2,1,0,4,0,0.07142857142857145,2,0,1,1,1,0,0,0
3,0.38235294117647056,4,4,0.3037856278199626,0,3,4,1,0,2,2,0.10714285714285715,2,1,2,2,1,0,0,0
3,0.1176470588235294,3,6,0.07180587652690656,3,4,4,2,0,4,3,0.6428571428571428,2,2,2,2,2,0,0,1
0,0.2941176470588235,2,0,0.05694948827996038,4,3,4,1,0,4,3,0.23214285714285715,2,0,1,2,1,0,0,1
2,0.029411764705882346,4,0,0.05771981952239463,0,2,1,2,0,1,0,0.9821428571428572,2,1,3,0,2,0,1,0
2,0.16176470588235292,4,4,0.05617915703752613,4,2,3,2,0,4,3,0.35714285714285715,2,2,2,2,1,1,0,1
3,0.2941176470588235,2,0,0.06289204357873886,0,2,2,2,2,2,0,0.21428571428571425,2,1,1,2,1,1,0,0
0,0.1176470588235294,4,0,0.02426543413667877,0,4,4,2,0,3,1,0.28571428571428575,2,1,2,2,1,0,0,1
3,0.16176470588235292,4,0,0.2638384505337295,4,4,1,1,0,4,2,0.7142857142857144,2,1,1,2,1,1,0,0
0,0.20588235294117646,4,3,0.10311433916584131,0,2,4,1,0,4,0,0.0892857142857143,2,0,2,2,1,0,0,1
0,0.1176470588235294,2,4,0.10806646858149004,0,2,4,2,0,3,1,0.0892857142857143,2,1,1,1,1,0,0,0
3,0.25,4,0,0.6839440959612633,4,4,4,2,0,4,3,0.19642857142857145,2,2,1,3,1,1,0,1
3,0.2941176470588235,4,0,0.12176735996478487,1,3,4,3,0,3,1,0.14285714285714285,2,1,2,2,1,1,0,0
1,0.1176470588235294,2,4,0.049796412457356665,0,4,3,3,2,3,0,0.37499999999999994,0,1,2,1,1,0,0,0
0,0.38235294117647056,2,3,0.1572576207769341,0,1,2,0,0,4,1,0.21428571428571425,2,1,1,1,1,0,0,1
3,0.08823529411764706,2,1,0.145867723120942,4,1,1,1,0,4,0,0.21428571428571425,2,0,1,2,1,0,0,0
1,0.1176470588235294,4,3,0.18526466380543635,0,4,1,2,0,4,2,0.16071428571428575,2,0,3,2,1,1,0,0
3,0.1176470588235294,4,4,0.07730824254429404,0,4,2,2,0,4,0,0.7857142857142858,2,1,2,1,1,1,0,0
0,0.2941176470588235,2,1,0.14097061736546715,4,4,2,1,0,4,0,0.125,2,0,1,2,1,0,0,0
0,0.47058823529411764,4,7,0.4300099042588313,0,2,3,1,0,2,3,0.10714285714285715,2,1,2,3,1,1,0,1
3,0.25,4,1,0.16644657202597118,0,4,1,2,0,4,2,0.30357142857142855,2,1,1,3,1,1,0,0
3,0.2941176470588235,4,4,0.10856168152305491,1,4,4,2,0,4,1,0.5892857142857142,0,1,2,2,1,0,0,0
2,0.1176470588235294,4,0,0.06767910201386595,2,0,2,2,0,4,3,0.8392857142857144,0,2,3,0,1,0,0,0
0,0.2941176470588235,2,0,0.06168152305491362,4,2,4,1,0,4,0,0.10714285714285715,2,0,1,2,1,0,0,1
3,0.47058823529411764,4,0,0.18075272367117862,0,3,4,2,0,4,2,0.32142857142857145,2,1,2,2,1,1,0,0
0,0.20588235294117646,2,4,0.17932210850665786,0,3,4,1,2,1,0,0.10714285714285715,2,1,1,2,1,0,0,0
3,0.47058823529411764,4,1,0.3004842082095301,3,4,4,2,0,2,2,0.33928571428571425,2,1,2,3,1,1,0,0
1,0.20588235294117646,2,6,0.1992956971497744,0,0,2,1,0,4,2,0.8571428571428572,2,1,1,2,1,1,0,0
1,0.5147058823529411,4,4,0.25767580059425554,0,3,2,2,2,2,0,0.10714285714285715,2,1,2,2,1,0,0,1
3,0.2941176470588235,4,0,0.09298998569384835,3,4,4,2,0,4,0,0.7321428571428572,2,1,1,2,1,1,0,0
1,0.1176470588235294,0,8,0.06382744580169472,0,2,2,2,0,2,0,0.21428571428571425,2,1,1,1,1,1,0,0
1,0.1176470588235294,2,0,0.03224386486189061,1,1,4,1,0,2,1,0.07142857142857145,0,1,1,1,1,0,0,1
1,0.23529411764705882,2,1,0.3421371189611533,4,0,1,0,0,4,0,0.7321428571428572,2,1,1,3,1,1,0,0
1,0.20588235294117646,2,9,0.09304500935402223,3,2,4,2,0,2,1,0.28571428571428575,2,1,1,1,1,1,0,0
3,0.2647058823529412,2,4,0.1334323759216463,2,4,3,2,0,4,2,0.37499999999999994,2,1,1,2,1,0,0,0
3,0.6470588235294117,4,1,0.1376141740948608,4,4,4,2,0,3,2,0.33928571428571425,2,1,2,2,2,1,0,0
1,0.6470588235294117,3,7,0.32871134587872786,0,4,4,2,0,4,3,0.5535714285714286,2,2,1,2,1,0,0,1
0,0.5294117647058824,4,7,0.3162759986794322,0,2,4,2,0,3,3,0.14285714285714285,0,1,1,2,1,1,0,1
1,0.25,2,9,0.05161219324309453,0,4,2,1,0,4,1,0.35714285714285715,2,1,1,2,2,0,0,1
3,0.2941176470588235,2,1,0.3336084516342027,4,4,3,2,0,4,2,0.39285714285714285,2,1,1,3,2,1,0,0
3,0.029411764705882346,4,3,0.0534279740288324,4,2,1,3,0,2,1,0.14285714285714285,2,1,2,2,1,0,0,0
2,0.2941176470588235,2,3,0.14537251017937713,0,4,3,0,0,4,3,0.5714285714285714,2,2,1,2,1,0,0,0
3,0.2941176470588235,2,3,0.15472653240893586,2,4,4,2,0,3,3,0.23214285714285715,2,0,1,2,1,1,0,0
3,0.07352941176470588,2,3,0.11285352701661715,1,1,2,1,0,4,1,0.0535714285714286,2,0,1,2,1,0,0,0
0,0.20588235294117646,2,1,0.39952679652250467,4,4,1,2,0,4,1,0.5714285714285714,2,2,1,2,2,1,0,1
3,0.1176470588235294,4,3,0.055463849455265765,0,1,2,1,0,4,1,0.0535714285714286,2,0,2,1,1,0,0,0
3,0.2941176470588235,3,0,0.02569604930119952,4,4,4,3,0,4,2,0.625,2,1,2,2,1,1,0,0
1,0.07352941176470588,2,0,0.07147573456586331,4,1,4,2,0,2,0,0.28571428571428575,2,1,1,0,1,0,0,0
3,0.2941176470588235,4,7,0.07411687025420931,0,4,4,2,0,4,3,0.625,2,2,2,2,2,0,0,0
1,0.20588235294117646,4,4,0.08501155496863651,0,4,3,1,2,4,0,0.5178571428571428,0,0,2,1,1,1,0,0
0,0.23529411764705882,4,3,0.2213051612193243,0,4,1,1,0,4,1,0.0892857142857143,2,1,2,2,1,0,0,0
3,0.1176470588235294,4,4,0.03994717728623308,4,4,4,2,0,4,2,0.28571428571428575,2,1,2,2,1,0,0,0
1,0.1176470588235294,2,0,0.39738087377572356,4,0,1,1,0,2,0,0.0892857142857143,2,0,1,0,1,0,0,0
0,0.47058823529411764,2,0,0.49636843842852424,0,3,2,2,0,1,2,0.0892857142857143,2,1,1,2,1,1,0,1
1,0.029411764705882346,2,4,0.01870804445911742,0,1,3,3,0,3,0,0.125,2,1,1,1,1,0,1,0
3,0.1176470588235294,4,4,0.037416088918234836,4,4,4,2,0,4,0,0.8214285714285714,2,1,4,2,1,0,0,0
1,0.5588235294117647,1,1,0.49702872235061074,0,0,1,2,0,2,3,0.6428571428571428,0,2,1,3,1,1,0,0
1,0.16176470588235292,0,0,0.08407615274568064,0,1,2,1,0,1,0,0.125,2,0,2,0,1,0,0,1
1,0.058823529411764705,2,9,0.03615054473423572,0,1,3,3,0,2,0,0.125,2,1,1,2,1,1,0,0
1,0.029411764705882346,2,4,0.012875536480686695,0,3,3,3,2,3,0,0.16071428571428575,0,1,1,1,1,0,0,0
0,0.47058823529411764,4,1,0.5160669087707714,0,3,4,2,0,4,2,0.0892857142857143,2,1,2,2,1,1,0,1
0,0.6470588235294117,2,5,0.15412127214702323,0,2,3,2,0,4,2,0.625,2,1,1,2,1,0,0,1
0,0.6470588235294117,2,0,0.20254209310003302,0,3,4,2,0,4,3,0.48214285714285715,2,2,1,2,2,0,0,1
1,0.47058823529411764,3,0,0.39517992736876856,0,2,2,1,0,2,1,0.625,2,0,1,2,1,0,0,0
3,0.029411764705882346,2,5,0.05986574226917574,2,2,1,0,0,4,0,0.7678571428571428,2,1,1,2,1,0,0,0
3,0.029411764705882346,4,4,0.07175085286673269,0,3,1,1,0,2,2,0.0892857142857143,2,0,2,2,1,1,0,0
0,0.47058823529411764,2,2,0.8587542643336634,0,0,2,0,1,3,2,0.42857142857142855,2,1,1,3,1,0,0,0
0,0.20588235294117646,2,4,0.06025090789039286,0,2,4,3,0,3,0,0.125,0,1,1,2,1,0,0,1
3,0.1176470588235294,2,0,0.04682513480796743,0,2,3,3,0,2,0,0.14285714285714285,2,1,2,2,1,1,0,0
2,0.1176470588235294,2,4,0.15219544404093763,0,2,3,3,0,1,2,0.0892857142857143,2,1,1,2,1,0,0,0
0,0.47058823529411764,2,3,0.1354682513480797,0,4,2,2,0,2,1,0.39285714285714285,0,1,1,2,2,0,0,1
0,0.058823529411764705,4,0,0.026466380543633764,0,4,4,2,0,4,0,0.49999999999999994,2,1,2,1,1,0,0,0
3,0.20588235294117646,4,3,0.19423352041377795,0,1,3,0,0,2,2,0.28571428571428575,2,1,2,3,1,1,0,0
0,0.25,4,0,0.07439198855507868,0,4,4,3,0,3,2,0.19642857142857145,2,1,2,2,1,1,0,0
0,0.20588235294117646,4,0,0.20446792120611865,0,4,1,1,0,4,0,0.25000000000000006,0,0,3,2,1,1,0,1
3,0.20588235294117646,0,9,0.21541762958071972,0,2,2,2,0,2,2,0.30357142857142855,1,1,2,2,2,0,0,1
0,0.47058823529411764,2,1,0.44486629250577747,4,4,3,2,0,4,3,0.49999999999999994,2,2,1,2,1,0,0,1
1,0.6470588235294117,3,9,0.3538571585781886,4,2,4,2,0,4,3,0.33928571428571425,2,2,1,2,2,1,0,0
3,0.2941176470588235,3,9,0.11692527786948388,2,2,4,2,0,2,2,0.44642857142857145,2,1,2,2,2,1,0,0
0,0.20588235294117646,2,0,0.05315285572796302,0,1,4,1,0,3,2,0.07142857142857145,2,0,1,2,1,1,0,1
0,0.6029411764705882,0,9,0.6364036535710355,0,4,2,2,0,4,2,0.17857142857142855,2,0,2,2,1,0,0,1
1,0.2941176470588235,2,4,0.2659843732805106,4,4,2,1,0,4,2,0.41071428571428575,2,1,1,2,1,1,0,0
2,0.16176470588235292,2,4,0.11428414218113787,0,1,2,1,0,3,0,0.10714285714285715,2,1,1,1,1,0,0,1
0,0.1176470588235294,0,0,0.045779685264663805,0,2,4,2,0,4,2,0.5178571428571428,0,1,2,2,1,0,0,1
3,0.1176470588235294,2,4,0.034995047870584356,4,2,4,1,0,2,2,0.035714285714285754,2,1,1,2,1,0,0,0
3,0.0,2,3,0.01931330472103004,0,1,1,1,0,3,0,0.07142857142857145,2,0,1,1,2,0,0,0
0,0.2941176470588235,4,1,0.148949048090679,0,4,4,2,0,4,1,0.7857142857142858,2,1,2,2,1,1,0,0
3,0.2941176470588235,4,4,0.12991086167051832,0,4,4,3,1,3,0,0.48214285714285715,2,1,2,2,1,0,0,0
0,0.47058823529411764,2,3,0.2712116209970287,0,3,4,2,0,2,1,0.17857142857142855,2,1,1,2,1,0,0,1
3,0.25,3,1,0.1509298998569385,0,2,3,2,0,2,0,0.16071428571428575,1,1,2,1,1,0,0,0
3,0.20588235294117646,2,6,0.09315505667436998,0,1,4,1,0,4,0,0.07142857142857145,2,1,1,2,1,0,0,1
3,0.2941176470588235,1,9,0.07202597116760207,0,3,4,2,0,4,2,0.5535714285714286,0,1,1,2,1,1,0,0
3,0.20588235294117646,2,3,0.17453505007153078,0,4,4,2,0,4,1,0.49999999999999994,0,1,3,2,2,1,0,0
1,0.25,2,3,0.2050181578078574,4,3,2,2,0,3,2,0.28571428571428575,2,1,1,2,1,1,0,0
3,0.20588235294117646,2,0,0.3582590513920986,4,2,2,2,0,4,2,0.875,2,0,2,2,1,0,0,1
3,0.2941176470588235,2,0,0.05496863651370089,0,1,4,3,0,2,0,0.16071428571428575,2,1,1,2,1,0,0,0
0,0.07352941176470588,2,4,0.06129635743369649,0,3,3,2,0,4,0,0.7142857142857144,2,1,1,2,1,0,0,0
0,0.1176470588235294,2,4,0.025255860019808517,0,4,4,2,0,4,0,0.6785714285714286,1,1,1,1,1,0,0,1
0,0.23529411764705882,4,0,0.10922196544514141,0,2,4,3,2,2,1,0.25000000000000006,0,0,2,2,1,0,1,1
3,0.2941176470588235,4,1,0.20864971937933313,4,3,3,2,0,4,1,0.42857142857142855,2,1,2,2,1,1,0,0
3,0.16176470588235292,4,4,0.06718388907230109,0,2,4,2,0,4,3,0.28571428571428575,2,2,2,2,1,1,0,0
0,0.20588235294117646,1,0,0.06558820292725871,0,3,4,2,0,4,3,0.23214285714285715,2,2,2,1,2,0,0,1
3,0.47058823529411764,3,0,0.5846263893474194,0,4,2,2,0,2,2,0.46428571428571425,2,1,2,2,2,1,0,0
3,0.2941176470588235,2,0,0.06734896005282272,1,1,4,3,0,3,0,0.25000000000000006,2,1,1,2,1,1,0,0
3,0.08823529411764706,2,8,0.03543523715197534,4,3,4,1,0,3,1,0.37499999999999994,2,1,1,2,1,1,0,0
3,0.16176470588235292,4,3,0.17018818091779467,0,2,4,2,0,2,3,0.16071428571428575,2,2,1,2,1,1,0,0
0,0.16176470588235292,2,0,0.20408275558490152,0,2,3,1,0,2,1,0.17857142857142855,2,1,1,2,1,1,0,1
3,0.07352941176470588,2,0,0.18306371739848135,1,2,1,2,2,2,0,0.125,2,0,1,2,2,0,1,0
3,0.2941176470588235,4,1,0.30560140860570045,3,2,4,2,0,2,0,0.14285714285714285,2,1,2,2,1,0,0,0
3,0.20588235294117646,3,9,0.10559040387366568,0,2,4,3,0,2,2,0.16071428571428575,2,1,1,2,1,1,0,1
0,0.2941176470588235,2,4,0.12044679212061186,0,1,4,1,0,4,0,0.28571428571428575,2,1,1,2,1,1,0,1
3,0.338235294117647,4,3,0.23528117090348852,3,1,4,2,0,2,0,0.23214285714285715,1,1,2,1,2,1,0,0
3,0.08823529411764706,2,3,0.10784637394079453,0,2,2,2,0,2,0,0.10714285714285715,0,0,1,1,1,0,0,1
3,0.16176470588235292,2,3,0.10845163420270716,2,2,2,1,0,4,2,0.01785714285714285,2,0,1,2,1,0,0,0
0,0.20588235294117646,2,4,0.11769560911191813,0,1,4,1,0,1,2,0.14285714285714285,1,1,1,2,1,0,0,0
3,0.1176470588235294,4,3,0.16952789699570817,0,4,2,2,0,4,1,0.41071428571428575,1,1,1,2,1,0,0,0
3,0.47058823529411764,2,9,0.39391438318476946,4,4,3,2,0,2,1,0.32142857142857145,2,1,2,2,1,0,0,0
0,0.1176470588235294,2,3,0.022119511389897654,0,4,4,1,0,4,1,0.0892857142857143,2,0,1,2,1,0,0,0
3,0.47058823529411764,3,3,0.4087157477715418,2,3,2,1,0,4,2,0.37499999999999994,2,1,2,2,1,1,0,0
2,0.029411764705882346,4,0,0.06014086057004511,0,4,1,2,0,4,0,0.48214285714285715,2,1,2,2,2,0,1,0
0,0.2941176470588235,4,9,0.06228678331682623,1,3,4,2,0,1,0,0.125,2,1,2,2,1,1,0,0
3,0.16176470588235292,2,5,0.034334763948497854,4,1,4,1,0,1,0,0.0892857142857143,2,1,1,2,1,0,0,0
0,0.1176470588235294,2,3,0.18377902498074172,0,2,2,2,1,2,1,0.17857142857142855,2,1,1,1,2,0,0,0
1,0.10294117647058824,4,0,0.05898536370639375,3,2,4,1,0,4,2,0.37499999999999994,2,1,2,2,1,0,0,0
0,0.20588235294117646,1,4,0.09298998569384835,0,1,3,2,1,4,3,0.30357142857142855,0,2,1,3,1,1,0,0
3,0.47058823529411764,2,4,0.1840541432816111,0,4,4,2,0,2,2,0.16071428571428575,2,1,1,2,1,0,0,0
0,0.07352941176470588,2,0,0.06448772972378122,0,1,3,2,0,2,3,0.14285714285714285,2,2,1,3,1,1,0,1
3,0.38235294117647056,4,4,0.35721360184879497,4,3,2,2,0,3,1,0.30357142857142855,2,1,2,2,1,0,0,0
3,0.2941176470588235,2,1,0.41619896555518876,0,3,3,2,0,3,2,0.33928571428571425,2,1,1,3,1,1,0,0
3,0.2941176470588235,2,1,0.49669858038956755,4,2,2,0,0,4,3,0.5178571428571428,2,2,1,2,1,1,0,0
1,0.38235294117647056,4,0,0.10625068779575217,4,4,4,2,0,4,0,0.30357142857142855,2,1,2,2,1,0,0,0
3,0.20588235294117646,4,4,0.04666006382744581,0,0,4,1,0,4,2,0.8214285714285714,2,1,2,0,1,0,0,0
1,0.2941176470588235,2,3,0.20947507428194126,0,3,3,0,0,3,2,0.42857142857142855,2,1,1,2,1,1,0,1
0,0.1176470588235294,2,7,0.029987894794761747,0,1,4,1,0,4,1,0.6071428571428572,2,1,1,2,1,0,0,1
1,0.2941176470588235,4,9,0.14168592494772753,4,3,4,2,0,3,3,0.26785714285714285,2,1,2,2,2,1,0,0
1,0.6470588235294117,2,9,0.8485748872014967,0,2,2,2,0,2,2,0.07142857142857145,2,1,1,2,1,1,0,1
3,0.47058823529411764,4,0,0.350170573346539,0,4,4,2,0,4,2,0.26785714285714285,2,1,2,3,1,1,0,0
3,0.3529411764705882,1,1,0.4167492021569275,4,1,3,2,2,4,0,0.37499999999999994,0,0,2,2,2,1,0,0
0,0.338235294117647,4,9,0.12061186310113349,0,4,4,2,0,4,2,0.42857142857142855,1,1,4,3,2,1,0,0
3,0.16176470588235292,4,4,0.08688235941454825,0,4,4,2,0,4,2,0.48214285714285715,2,1,2,2,1,1,0,0
0,0.1176470588235294,4,0,0.10570045119401342,0,2,4,2,0,4,1,0.33928571428571425,0,1,2,1,1,0,1,0
1,0.47058823529411764,4,1,0.30538131396500495,0,2,3,2,0,4,2,0.26785714285714285,2,1,2,2,1,1,0,0
3,0.20588235294117646,4,4,0.0505667436997909,4,2,4,2,0,3,1,0.17857142857142855,2,1,2,2,1,1,0,0
3,0.47058823529411764,3,1,0.47854077253218885,4,3,3,2,0,2,2,0.21428571428571425,1,1,1,3,2,1,0,0
0,0.25,2,4,0.12963574336964895,0,1,4,1,0,4,1,0.16071428571428575,2,0,1,3,1,1,0,0
3,0.1176470588235294,4,3,0.07384175195333993,3,3,3,1,0,2,1,0.28571428571428575,2,1,1,2,1,0,1,0
3,0.16176470588235292,2,3,0.10652580609662154,4,3,1,1,0,4,0,0.25000000000000006,0,0,1,1,1,0,0,0
0,0.20588235294117646,2,3,0.21475734565863322,0,2,2,2,1,3,2,0.41071428571428575,2,1,1,2,1,0,0,1
0,0.1764705882352941,4,0,0.13068119291295258,0,4,2,2,2,4,1,0.42857142857142855,0,0,1,2,1,1,0,1
3,0.23529411764705882,4,0,0.1780015406624849,4,1,2,0,0,4,0,0.44642857142857145,2,1,2,2,1,1,0,0
3,0.47058823529411764,4,1,0.5627269725982172,4,4,2,2,0,4,3,0.41071428571428575,2,2,2,2,1,0,0,0
3,0.16176470588235292,2,4,0.06250687795752173,4,2,4,3,0,2,0,0.37499999999999994,2,0,1,2,1,1,0,0
3,0.2941176470588235,2,4,0.056564322658743255,0,4,4,2,0,1,0,0.30357142857142855,2,1,1,3,1,1,0,0
0,0.1176470588235294,2,4,0.04715527676901067,0,2,2,2,0,2,0,0.01785714285714285,2,0,1,3,2,1,0,0
0,0.25,2,0,0.19329811819082207,4,3,2,2,1,2,0,0.0892857142857143,2,1,1,1,1,0,1,0
1,0.47058823529411764,2,7,0.1904368878617806,4,2,2,3,0,2,2,0.14285714285714285,2,1,1,2,1,0,0,0
3,0.16176470588235292,3,1,0.18399911962143722,0,1,1,1,0,2,1,0.48214285714285715,2,1,2,1,1,0,0,0
1,0.07352941176470588,2,0,0.1620446792120612,4,2,1,1,0,2,0,0.25000000000000006,2,1,1,1,1,0,0,0
3,0.47058823529411764,3,4,0.23131946737096953,0,2,4,1,0,4,0,0.26785714285714285,2,1,2,2,1,0,0,0
1,0.2941176470588235,4,3,0.24683613954000222,0,1,2,1,0,4,2,0.10714285714285715,0,1,1,1,1,0,0,1
1,0.38235294117647056,2,4,0.15081985253659075,4,4,2,1,0,4,2,0.10714285714285715,2,1,1,2,1,0,0,0
3,0.10294117647058824,2,9,0.10410476504897105,3,4,1,0,0,2,0,0.16071428571428575,2,1,1,2,1,1,0,0
0,0.2941176470588235,1,9,0.16017387476614944,0,2,4,2,0,2,1,0.21428571428571425,2,0,1,2,1,1,0,1
1,0.6470588235294117,0,2,1.0,0,2,1,1,0,2,1,0.23214285714285715,0,1,1,3,1,1,1,1
3,0.08823529411764706,2,1,0.14295146913172666,1,2,1,2,1,2,0,0.23214285714285715,2,1,1,2,2,0,0,0
0,0.029411764705882346,2,0,0.8058765269065697,0,4,1,2,0,4,3,0.875,0,1,1,3,1,1,0,1
0,0.2941176470588235,2,3,0.11604489930670188,1,0,1,0,0,1,1,0.25000000000000006,2,1,1,2,1,0,0,1
0,0.2941176470588235,2,3,0.17029822823814242,0,4,4,2,0,2,1,0.35714285714285715,2,0,1,3,1,1,0,1
3,0.20588235294117646,4,3,0.08622207549246176,0,2,4,1,0,2,3,0.16071428571428575,2,1,2,2,1,0,0,0
3,0.6470588235294117,3,4,0.6877407285132606,2,3,4,2,0,1,2,0.32142857142857145,2,1,1,3,1,1,0,0
0,0.07352941176470588,2,4,0.06140640475404424,0,1,3,1,0,4,1,0.0535714285714286,2,0,1,2,1,0,0,1
1,0.1176470588235294,2,0,0.09640145262462858,0,3,3,2,0,4,1,0.19642857142857145,2,0,1,2,2,1,0,0
0,0.2941176470588235,1,3,0.36436667767139874,0,1,2,0,0,1,1,0.6428571428571428,0,1,1,2,1,1,0,1
0,0.1176470588235294,1,0,0.024595576097722022,0,1,4,2,0,2,2,0.48214285714285715,0,1,2,2,1,1,0,1
0,0.20588235294117646,4,3,0.04396390447892594,0,1,4,1,0,4,1,0.035714285714285754,2,0,1,2,1,0,0,0
0,0.6470588235294117,2,1,0.5528227137669197,0,3,4,2,0,4,3,0.35714285714285715,1,2,3,2,2,1,0,1
3,0.38235294117647056,2,4,0.08897325850115549,4,4,4,2,0,4,2,0.6964285714285714,2,1,1,2,1,1,0,0
0,0.1176470588235294,3,0,0.06019588423021899,0,2,4,2,0,2,0,0.42857142857142855,2,1,2,1,2,0,0,0
0,0.2941176470588235,2,3,0.08237041928029053,0,1,4,2,1,1,1,0.0892857142857143,2,1,1,1,1,0,1,0
1,0.07352941176470588,2,4,0.07813359744690217,0,1,4,1,0,2,2,0.0535714285714286,2,1,1,2,1,1,0,1
3,0.07352941176470588,4,0,0.05359304500935402,0,2,3,2,0,1,0,0.19642857142857145,2,1,2,2,1,0,0,0
3,0.1176470588235294,4,4,0.014966435567293938,2,4,4,2,0,4,1,0.41071428571428575,2,1,2,2,2,1,0,0
0,0.1176470588235294,2,4,0.06866952789699571,0,2,4,1,0,1,2,0.07142857142857145,0,1,1,2,1,0,0,0
1,0.38235294117647056,3,4,0.09183448883019699,1,1,4,2,0,3,3,0.19642857142857145,1,1,2,3,1,0,0,1
2,0.07352941176470588,2,4,0.02723671178606801,0,2,3,1,0,2,0,0.16071428571428575,2,1,1,1,1,0,0,1
1,0.029411764705882346,2,4,0.09975789589523495,0,1,4,3,0,3,2,0.19642857142857145,2,0,1,3,1,1,0,0
1,0.8235294117647058,2,7,0.33223286012985587,0,2,4,2,0,4,3,0.41071428571428575,2,2,1,2,1,0,0,1
3,0.2941176470588235,4,1,0.3627159678661825,4,2,2,2,0,4,1,0.48214285714285715,2,1,2,3,2,1,0,0
3,0.1176470588235294,2,0,0.18031253438978762,4,1,2,2,0,3,1,0.46428571428571425,2,1,1,3,2,1,0,0
3,0.08823529411764706,2,0,0.07131066358534169,0,2,3,2,0,2,0,0.21428571428571425,2,1,1,1,2,0,1,0
3,0.2941176470588235,2,3,0.03736106525806096,4,3,4,2,0,2,2,0.21428571428571425,1,1,1,2,1,1,0,0
3,0.0,4,0,0.06630351050951909,0,3,2,2,0,1,0,0.41071428571428575,2,1,3,1,2,0,0,0
0,0.16176470588235292,2,3,0.08776273797733025,0,1,4,1,2,1,1,0.48214285714285715,2,0,1,2,1,0,0,0
1,0.6470588235294117,0,0,0.44613183668977663,2,1,1,1,0,1,2,0.19642857142857145,2,1,2,2,1,0,0,0
0,0.2941176470588235,1,3,0.17051832287883792,2,1,4,2,0,4,3,0.19642857142857145,2,2,1,2,2,1,0,1
3,0.1176470588235294,2,0,0.14355672939363928,4,0,4,2,0,4,3,0.33928571428571425,2,1,1,3,1,1,0,0
3,0.20588235294117646,2,3,0.07059535600308132,0,1,4,3,1,1,1,0.42857142857142855,2,1,1,1,2,0,0,1
3,0.2941176470588235,2,4,0.18548475844613185,1,4,2,2,0,4,2,0.21428571428571425,2,1,2,2,1,0,0,1
1,0.20588235294117646,4,9,0.18377902498074172,0,0,3,3,0,3,2,0.37499999999999994,2,1,3,0,2,1,0,0
0,0.47058823529411764,3,9,0.10426983602949268,0,3,2,2,0,1,2,0.0892857142857143,2,1,2,2,1,1,0,1
1,0.2941176470588235,2,1,0.21255639925167824,2,1,3,1,0,4,2,0.16071428571428575,2,0,1,2,1,0,0,1
3,0.47058823529411764,2,3,0.590073731704633,0,0,4,1,0,2,2,0.125,2,1,2,3,1,1,0,1
0,0.1176470588235294,2,0,0.09040387366567623,0,2,4,1,2,4,1,0.17857142857142855,2,1,1,2,1,1,0,0
0,0.2941176470588235,4,4,0.05397821063057115,3,4,4,1,0,4,1,0.6785714285714286,2,0,2,3,1,1,0,0
2,0.38235294117647056,4,4,0.18741058655221746,4,4,4,2,0,4,1,0.5357142857142858,1,1,2,1,1,0,0,0
1,0.07352941176470588,4,4,0.04974138879718279,0,4,2,2,0,4,0,0.32142857142857145,2,1,3,1,1,0,0,0
0,0.3529411764705882,2,0,0.20666886761307363,0,2,3,2,0,2,2,0.46428571428571425,2,1,1,1,1,0,0,1
1,0.2941176470588235,2,3,0.15511169803015298,1,4,4,2,0,4,3,0.19642857142857145,2,2,1,2,1,0,0,0
3,0.029411764705882346,4,4,0.0819852536590734,0,4,2,3,0,2,0,0.19642857142857145,2,0,2,2,1,0,0,0
1,0.25,3,0,0.11571475734565863,0,2,1,0,0,4,1,0.49999999999999994,2,1,2,2,1,0,0,0
3,0.16176470588235292,2,0,0.18190822053483,4,2,3,2,0,2,3,0.17857142857142855,2,1,1,2,1,0,0,0
3,0.2941176470588235,2,4,0.11813579839330911,2,4,3,2,0,2,2,0.28571428571428575,0,1,2,2,1,1,0,1
1,0.029411764705882346,2,6,0.011224826675470454,0,1,3,3,0,1,1,0.0535714285714286,2,1,1,1,1,0,0,0
1,0.38235294117647056,2,4,0.08060966215472654,4,2,4,1,0,1,2,0.125,2,1,1,2,1,0,0,0
1,0.338235294117647,4,4,0.12490370859469573,2,2,4,2,0,2,1,0.07142857142857145,2,1,2,1,1,0,0,1
3,0.16176470588235292,2,4,0.1825685044569165,0,4,4,1,0,2,2,0.625,0,0,1,3,1,1,0,0
3,0.5588235294117647,2,4,0.3805436337625179,4,3,2,3,0,4,1,0.17857142857142855,2,0,1,2,1,1,0,0
0,0.10294117647058824,4,0,0.20298228238142402,0,2,1,2,0,2,0,0.37499999999999994,2,1,2,1,2,0,0,0
1,0.16176470588235292,2,6,0.0695499064597777,1,2,4,2,2,2,0,0.0535714285714286,2,1,1,2,1,0,0,0
3,0.2941176470588235,2,0,0.39303400462198745,0,2,1,2,0,4,1,0.42857142857142855,2,1,1,1,2,0,0,0
0,0.2941176470588235,1,0,0.05188731154396391,0,0,1,1,1,4,3,0.17857142857142855,2,0,2,0,1,0,0,1
0,0.8235294117647058,2,9,0.3877517332452955,0,4,4,2,1,4,3,0.30357142857142855,2,0,1,2,1,0,0,1
3,0.38235294117647056,4,4,0.14201606690877078,0,2,4,1,0,2,2,0.25000000000000006,2,1,1,2,1,1,0,0
2,0.2941176470588235,2,4,0.055463849455265765,2,2,3,1,0,3,2,0.6785714285714286,2,1,1,1,1,0,0,0
1,0.029411764705882346,2,4,0.02767690106745901,0,2,2,1,2,3,0,0.8035714285714286,2,1,1,2,1,0,0,0
1,0.20588235294117646,3,9,0.11978650819852536,4,4,4,2,0,2,1,0.41071428571428575,2,1,2,2,1,0,0,0
3,0.2941176470588235,3,0,0.12589413447782546,0,4,4,2,0,4,2,0.49999999999999994,2,1,2,1,2,0,0,1
1,0.16176470588235292,1,0,0.055793991416309016,1,2,2,3,0,2,1,0.10714285714285715,2,0,1,2,1,0,0,1
1,0.38235294117647056,4,3,0.44767249917464513,0,3,2,2,0,2,1,0.5357142857142858,2,1,1,2,1,0,0,1
3,0.6470588235294117,2,9,0.2527786948387807,0,0,3,2,0,2,2,0.25000000000000006,0,0,1,3,1,1,0,1
2,0.25,2,0,0.14707824364476726,1,2,1,1,0,1,2,0.16071428571428575,0,1,1,3,1,1,0,0
0,0.47058823529411764,2,1,0.43903378452734676,0,2,2,2,0,2,1,0.125,2,1,1,2,2,0,0,1
3,0.2941176470588235,4,3,0.09783206778914934,0,3,2,2,0,2,1,0.19642857142857145,2,1,2,1,1,0,0,0
0,0.16176470588235292,4,3,0.06509298998569385,0,2,4,1,0,3,1,0.10714285714285715,2,0,2,2,1,0,0,0
2,0.5588235294117647,0,9,0.3322878837900297,0,1,2,0,0,1,1,0.25000000000000006,2,1,2,2,1,0,0,0
3,0.13235294117647056,2,4,0.06377242214152085,1,0,2,1,0,4,0,0.8035714285714286,2,1,1,2,1,0,0,0
0,0.2941176470588235,2,1,0.3482447452404534,0,0,4,2,0,2,3,0.17857142857142855,2,2,1,3,1,1,0,0
1,0.2941176470588235,4,4,0.08215032463959503,0,4,4,2,0,2,1,0.5178571428571428,2,1,2,1,1,0,0,0
3,0.1176470588235294,4,7,0.18240343347639487,4,1,2,2,0,1,1,0.32142857142857145,2,1,2,1,2,0,0,0
3,0.16176470588235292,1,4,0.07257620776934082,1,4,4,2,0,4,2,0.26785714285714285,0,1,1,1,2,0,0,0
0,0.20588235294117646,2,4,0.09276989105315285,4,3,2,3,0,4,2,0.07142857142857145,2,0,2,1,1,0,0,0
0,0.47058823529411764,2,3,0.20408275558490152,0,0,4,2,0,3,1,0.19642857142857145,2,1,1,3,1,1,0,0
3,0.1176470588235294,2,0,0.11775063277209201,4,4,4,2,0,3,2,0.5535714285714286,2,1,1,2,1,1,0,0
3,0.1176470588235294,2,3,0.0817651590183779,0,3,3,1,0,4,0,0.21428571428571425,2,1,1,1,1,0,0,0
0,0.38235294117647056,2,1,0.19847034224716628,0,2,4,0,0,4,1,0.37499999999999994,2,1,1,3,1,1,0,0
3,0.1176470588235294,2,4,0.030483107736326624,0,4,4,2,0,4,2,0.33928571428571425,2,1,1,2,1,0,0,0
0,0.6029411764705882,2,4,0.08776273797733025,0,2,4,2,0,4,3,0.07142857142857145,2,2,1,2,1,1,0,1
1,0.6029411764705882,4,1,0.23803235391218225,1,0,3,2,0,4,2,0.14285714285714285,2,1,1,2,1,0,0,0
